ID,AREA,DATA,MUN,DIST,CLAS_CEM,CATEG,INSTANC,NOM_TIPO,NOM_PREP,NOME,NOM_ETIQ,NOM_TP_A,NOM_PR_A,NOM_A,NOM_ET_A,ANO,AREA_M2,AREA_HA,AREA_KM2,GESTAO,OBS,FAIXA_AREA
55450,0.020305,172,SANTO ANDRE,CAPUAVA,VERDE 6,PARQUE URBANO,MUNICIPAL,PARQUE,,CENTERNARIO DA IMIGRACAO JAPONESA,PARQUE CENTERNARIO DA IMIGRACAO JAPONESA,Parque,,Centenário da Imigração Japonesa,Parque Centenário da Imigração Japonesa,,20305,2.030509,0.020305,,NORIO ARIMURA,1-5 ha
55464,0.024255,173,SAO PAULO,SAO RAFAEL,VERDE 6,PRACA,MUNICIPAL,PRACA,,,PRACA,Praça,,,Praça,,24255,2.425526,0.024255,,,1-5 ha
55478,0.030075,174,SAO PAULO,SAPOPEMBA,VERDE 5,PRACA,MUNICIPAL,PRACA,,HUMBERTO REIS COSTA,PRACA HUMBERTO REIS COSTA,Praça,,Humberto Reis Costa,Praça Humberto Reis Costa,,30075,3.00753,0.030075,,,1-5 ha
55492,0.017276,175,SAO PAULO,SAPOPEMBA,VERDE 6,PRACA,MUNICIPAL,PRACA,,NOEMIA CAMPOS DE SICA,PRACA NOEMIA CAMPOS DE SICA,Praça,,Noêmia Campos de Sica,Praça Noêmia Campos de Sica,,17276,1.72761,0.017276,,,1-5 ha
55506,0.018761,176,SAO PAULO,SAO MATEUS,VERDE 6,PRACA,MUNICIPAL,PRACA,,,PRACA,Praça,,,Praça,,18760,1.876076,0.018761,,,1-5 ha
55520,0.040576,421,SAO PAULO,SAO MATEUS,VERDE 5,PARQUE URBANO,MUNICIPAL,PARQUE,DO,JARDIM SAPOPEMBA,PARQUE DO JARDIM SAPOPEMBA,Parque,do,Jardim Sapopemba,Parque do Jardim Sapopemba,2012.0,40576,4.057636,0.040576,SECRETARIA DO VERDE E MEIO AMBIENTE (DGPU),,1-5 ha
55535,0.020809,177,SAO PAULO,SAPOPEMBA,VERDE 6,PRACA,MUNICIPAL,PRACA,,MARIA REIS COSTA,PRACA MARIA REIS COSTA,Praça,,Maria Reis Costa,Praça Maria Reis Costa,,20808,2.080858,0.020809,,,1-5 ha
55549,0.015095,178,SAO PAULO,SAO MATEUS,VERDE 6,PRACA,MUNICIPAL,PRACA,,,PRACA,Praça,,,Praça,,15094,1.509498,0.015095,,,1-5 ha
55563,0.013723,179,SAO PAULO,SAO MATEUS,VERDE 6,PRACA,MUNICIPAL,PRACA,,FELISBERTO FERNANDES DA SILVA,PRACA FELISBERTO FERNANDES DA SILVA,Praça,,Felisberto Fernandes da Silva,Praça Felisberto Fernandes da Silva,,13722,1.372298,0.013723,,,1-5 ha
55577,0.009944,180,SAO PAULO,SAO RAFAEL,VERDE 6,PRACA,MUNICIPAL,PRACA,,OSVALDO LUIS DA SILVEIRA,PRACA OSVALDO LUIS DA SILVEIRA,Praça,,Osvaldo Luís da Silveira,Praça Osvaldo Luís da Silveira,,9944,0.994445,0.009944,,,0.5-1 ha
55591,0.055162,181,SAO PAULO,SAO MATEUS,VERDE 4,PRACA,MUNICIPAL,PRACA,,,PRACA,Praça,,,Praça,,55162,5.51621,0.055162,,,5-10 ha
55605,0.086362,182,RIBEIRAO PIRES,RIBEIRAO PIRES,VERDE 4,PARQUE URBANO,MUNICIPAL,PARQUE,,MILTON MARINHO DE MORAIS,PARQUE MILTON MARINHO DE MORAIS,Parque,,Milton Marinho de Morais,Parque Milton Marinho de Morais,,86362,8.63622,0.086362,,,5-10 ha
55619,0.563725,183,MAUA,MAUA,VERDE 3,PARQUE URBANO,MUNICIPAL,PARQUE ECOLOGICO,DO,GUAPITUBA,PARQUE ECOLOGICO DO GUAPITUBA,Parque Ecológico,do,Guapituba,Parque Ecológico do Guapituba,1996.0,563725,56.3725,0.563725,,PARQUE ECOLOGICO ALFREDO KLINKERT JUNIOR; POSSIVELMENTE ESTADUAL,50-100 ha
55633,0.036054,184,RIBEIRAO PIRES,RIBEIRAO PIRES,VERDE 5,PARQUE URBANO,MUNICIPAL,PARQUE,,PEROLA DA SERRA,PARQUE PEROLA DA SERRA,Parque,,Pérola da Serra,Parque Pérola da Serra,2003.0,36054,3.605411,0.036054,,,1-5 ha
55648,0.453775,185,MAUA,MAUA,VERDE 3,PARQUE URBANO,MUNICIPAL,GRUTA,,SANTA LUZIA,GRUTA SANTA LUZIA,Gruta,,Santa Luzia,Gruta Santa Luzia,1975.0,453774,45.377469,0.453775,,PARQUE ECOLOGICO GRUTA SANTA LUZIA; POSSIVELMENTE ESTADUAL,10-50 ha
55662,0.021137,448,SAO PAULO,SAO RAFAEL,VERDE 6,PRACA,MUNICIPAL,PRACA,,,PRACA,Praça,,,Praça,,21136,2.113671,0.021137,,,1-5 ha
55676,0.048742,186,SAO PAULO,SAO MATEUS,VERDE 5,PARQUE URBANO,MUNICIPAL,PARQUE,,NEBULOSAS,PARQUE NEBULOSAS,Parque,,Nebulosas,Parque Nebulosas,,48742,4.874209,0.048742,SECRETARIA DO VERDE E MEIO AMBIENTE (DGPU),,1-5 ha
55690,0.018541,458,SAO PAULO,SAO MATEUS,VERDE 6,PRACA,MUNICIPAL,PRACA,,,PRACA,Praça,,,Praça,,18540,1.854062,0.018541,,,1-5 ha
55705,0.253599,187,SAO PAULO,SAO RAFAEL,VERDE 3,PARQUE URBANO,MUNICIPAL,PARQUE,,ATERRO SAPOPEMBA,PARQUE ATERRO SAPOPEMBA,Parque,,Aterro Sapopemba,Parque Aterro Sapopemba,2013.0,253598,25.359875,0.253599,SECRETARIA DO VERDE E MEIO AMBIENTE (DGPU),ATERRO SANITARIO ATE 1986,10-50 ha
55719,0.209661,188,SAO PAULO,SAO RAFAEL,VERDE 4,PARQUE URBANO,MUNICIPAL,PARQUE,,JARDIM DA CONQUISTA,PARQUE JARDIM DA CONQUISTA,Parque,,Jardim da Conquista,Parque Jardim da Conquista,2013.0,209660,20.96607,0.209661,SECRETARIA DO VERDE E MEIO AMBIENTE (DGPU),PERIMETRO APROXIMADO,10-50 ha
55735,0.250804,189,SAO PAULO,IGUATEMI,VERDE 3,PARQUE URBANO,MUNICIPAL,PARQUE,,GUABIROBEIRA MOMBACA,PARQUE GUABIROBEIRA MOMBACA,Parque,,Guabirobeira-Mombaça,Parque Guabirobeira-Mombaça,2013.0,250803,25.080359,0.250804,SECRETARIA DO VERDE E MEIO AMBIENTE (DGPU),PERIMETRO APROXIMADO,10-50 ha
55749,0.174731,190,SAO PAULO,CIDADE TIRADENTES,VERDE 3,PARQUE URBANO,MUNICIPAL,PARQUE,DA,CIENCIA,PARQUE DA CIENCIA,Parque,da,Ciência,Parque da Ciência,2011.0,174730,17.473077,0.174731,SECRETARIA DO VERDE E MEIO AMBIENTE (DGPU),,10-50 ha
55763,431.202848,357,SAO BERNARDO DO CAMPO,,VERDE 1,PARES,ESTADUAL,PARQUE,DA,SERRA DO MAR - NUCLEO ITUTINGA PILOES,PARES SERRA DO MAR - NUCLEO ITUTINGA PILOES,Parque,da,Serra do Mar - Núcleo Itutinga-Pilões,PARES Serra do Mar - Núcleo Itutinga-Pilões,1977.0,431203104,43120.3104,431.203104,FUNDACAO PARA CONSERVACAO E PRODUCAO FLORESTAL DE SP,,>100 ha
55788,2.987341,353,SANTO ANDRE,PARANAPIACABA,VERDE 2,REBIO,ESTADUAL,RESERVA BIOLOGICA,,ALTO DA SERRA DE PARANAPIACABA,REBIO ALTO DA SERRA DE PARANAPIACABA,Reserva Biológica,,Alto da Serra de Paranapiacaba,REGIO Alto da Serra de Paranapiacaba,1909.0,2987335,298.733525,2.987335,INSTITUTO DE BOTANICA,PERIMETRO APROXIMADO,>100 ha
55802,3.767647,354,SANTO ANDRE,PARANAPIACABA,VERDE 2,PNM,MUNICIPAL,PARQUE NATURAL,,NASCENTES DE PARANAPIACABA,PARQUE NATURAL NASCENTES DE PARANAPIACABA,Parque Natural,,Nascentes de Paranapiacaba,Parque Natural Nascentes de Paranapiacaba,2003.0,3767664,376.766425,3.767664,,PERIMETRO APROXIMADO,>100 ha
55816,0.113969,191,SAO PAULO,CIDADE TIRADENTES,VERDE 4,PARQUE LINEAR,MUNICIPAL,PARQUE,,CONSCIENCIA NEGRA,PARQUE CONSCIENCIA NEGRA,Parque,,Consciência Negra,Parque Consciência Negra,2009.0,113968,11.396878,0.113969,SECRETARIA DO VERDE E MEIO AMBIENTE (DGPU),,10-50 ha
55831,1.36701,437,BERTIOGA,,VERDE 1,PARES,ESTADUAL,PARQUE,DA,SERRA DO MAR - NUCLEO BERTIOGA / PARQUE DAS NEBLINAS,PARES SERRA DO MAR - NUCLEO BERTIOGA / PQ DAS NEBLINAS,Parque,da,Serra do Mar - Núcleo Bertioga/Parque das Neblinas,PARES Serra do Mar - Núcleo Bertioga/Parque das Neblinas,1977.0,1366976,136.697688,1.366977,FUNDACAO PARA CONSERVACAO E PRODUCAO FLORESTAL DE SP / ECOFUTURO,AREA DE SUPERPOSICAO,>100 ha
55847,205.729593,439,BERTIOGA,,VERDE 1,PARES,ESTADUAL,PARQUE,DA,SERRA DO MAR - NUCLEO BERTIOGA,PARES SERRA DO MAR - NUCLEO BERTIOGA,Parque,da,Serra do Mar - Núcleo Bertioga,PARES Serra do Mar - Núcleo Bertioga,1977.0,205729424,20572.9424,205.729424,FUNDACAO PARA CONSERVACAO E PRODUCAO FLORESTAL DE SP,,>100 ha
55870,48.590675,436,MOGI DAS CRUZES,TAIACUPEBA,VERDE 1,RESERVA FLORESTAL,PRIVADA,PARQUE,DAS,NEBLINAS,PARQUE DAS NEBLINAS,Parque,das,Neblinas,Parque das Neblinas,2004.0,48590708,4859.0708,48.590708,ECOFUTURO (COMPANHIA SUZANO),"RESERVA AMBIENTAL; RPPN = 5,18 KM2",>100 ha
55888,19.418673,438,BERTIOGA,,VERDE 1,PARES,ESTADUAL,PARQUE,DA,SERRA DO MAR - NUCLEO BERTIOGA / PARQUE DAS NEBLINAS,PARES SERRA DO MAR - NUCLEO BERTIOGA / PQ DAS NEBLINAS,Parque,da,Serra do Mar - Núcleo Bertioga/Parque das Neblinas,PARES Serra do Mar - Núcleo Bertioga/Parque das Neblinas,1977.0,19418720,1941.872,19.41872,FUNDACAO PARA CONSERVACAO E PRODUCAO FLORESTAL DE SP / ECOFUTURO,AREA DE SUPERPOSICAO,>100 ha
55904,1.246885,192,SAO PAULO,MOEMA,VERDE 2,PARQUE URBANO,MUNICIPAL,PARQUE,DO,IBIRAPUERA,PARQUE DO IBIRAPUERA,Parque,do,Ibirapuera,Parque do Ibirapuera,1954.0,1247020,124.702063,1.247021,SECRETARIA DO VERDE E MEIO AMBIENTE (DGPU),,>100 ha
55918,0.034278,193,SAO PAULO,MOEMA,VERDE 5,PRACA,MUNICIPAL,PRACA,,ARMANDO DE SALES OLIVEIRA,PRACA ARMANDO DE SALES OLIVEIRA,Praça,,Armando de Sales Oliveira,Praça Armando de Sales Oliveira,,34278,3.427847,0.034278,,,1-5 ha
84330,4.355612,343,MOGI DAS CRUZES,MOGI DAS CRUZES,VERDE 2,RPPN,PRIVADA,RESERVA PARTICULAR DO PATRIMONIO NATURAL,,BOTUJURU - SERRA DO ITAPETI,RPPN BOTUJURU-SERRA DO ITAPETI,Reserva Particular do Patrimônio Natural,,Botujuru-Serra do Itapeti,RPPN Botujuru-Serra do Itapeti,2014.0,4355782,435.57825,4.355783,,RESERVA PARTICULAR DO PATRIMONIO NATURAL (RPPN),>100 ha
84344,153.454171,355,GUARULHOS,,VERDE 1,PARES,ESTADUAL,PARQUE,,ITABERABA,PARES ITABERABA,Parque Estadual,,Itaberaba,PARES Itaberaba,2010.0,153454032,15345.4032,153.454032,FUNDACAO PARA CONSERVACAO E PRODUCAO FLORESTAL DE SP,,>100 ha
84359,261.034077,441,SALESOPOLIS,,VERDE 1,PARES,ESTADUAL,PARQUE,DA,SERRA DO MAR - NUCLEO PADRE DORIA,PARES SERRA DO MAR - NUCLEO PADRE DORIA,Parque,da,Serra do Mar - Núcleo Padre Dória,PARES Serra do Mar - Núcleo Padre Dória,1977.0,261034096,26103.4096,261.034096,FUNDACAO PARA CONSERVACAO E PRODUCAO FLORESTAL DE SP,,>100 ha
84377,3.915519,431,SAO SEBASTIAO,,VERDE 1,PARES,ESTADUAL,PARQUE,DA,SERRA DO MAR - NUCLEO SAO SEBASTIAO,PARES SERRA DO MAR - NUCLEO SAO SEBASTIAO,Parque,da,Serra do Mar - Núcleo São Sebastião,PARES Serra do Mar - Núcleo São Sebastião,1977.0,3915478,391.54785,3.915478,FUNDACAO PARA CONSERVACAO E PRODUCAO FLORESTAL DE SP,SUPERPOSTO POR TERRA INDIGENA,>100 ha
84393,92.089552,440,SAO SEBASTIAO,,VERDE 1,PARES,ESTADUAL,PARQUE,DA,SERRA DO MAR - NUCLEO SAO SEBASTIAO,PARES SERRA DO MAR - NUCLEO SAO SEBASTIAO,Parque,da,Serra do Mar - Núcleo São Sebastião,PARES Serra do Mar - Núcleo São Sebastião,1977.0,92102040,9210.204,92.10204,FUNDACAO PARA CONSERVACAO E PRODUCAO FLORESTAL DE SP,REPRESENTACAO PARCIAL,>100 ha
84412,77.415374,442,CARAGUATATUBA,,VERDE 1,PARES,ESTADUAL,PARQUE,DA,SERRA DO MAR - NUCLEO CARAGUATATUBA,PARES SERRA DO MAR - NUCLEO CARAGUATATUBA,Parque,da,Serra do Mar - Núcleo Caraguatatuba,PARES Serra do Mar - Núcleo Caraguatatuba,1977.0,77420592,7742.0592,77.420592,FUNDACAO PARA CONSERVACAO E PRODUCAO FLORESTAL DE SP,REPRESENTACAO PARCIAL,>100 ha
84428,0.018125,334,GUARAREMA,GUARAREMA,VERDE 6,PARQUE URBANO,MUNICIPAL,PARQUE,,ILHA GRANDE,PARQUE ILHA GRANDE,Parque,,Ilha Grande,Parque Ilha Grande,,18125,1.812521,0.018125,,,1-5 ha
84442,1.043332,335,SALESOPOLIS,SALESOPOLIS,VERDE 2,PARES,ESTADUAL,PARQUE,DAS,NASCENTES DO TIETE,PARES NASCENTES DO TIETE,Parque,das,Nascentes do Tietê,PARES Nascentes do Tietê,1996.0,1043332,104.333219,1.043332,,PERIMETRO APROXIMADO; GESTAO DAEE,>100 ha
17929,311.969456,432,PEDRO DE TOLEDO,,VERDE 1,PARES,ESTADUAL,PARQUE,DA,SERRA DO MAR - NUCLEO ITARIRI,PARES SERRA DO MAR - NUCLEO ITARIRI,Parque,da,Serra do Mar - Núcleo Itariri,PARES Serra do Mar - Núcleo Itariri,1977.0,311969536,31196.9536,311.969536,FUNDACAO PARA CONSERVACAO E PRODUCAO FLORESTAL DE SP,REPRESENTACAO PARCIAL,>100 ha
17944,107.565848,1,COTIA,CAUCAIA DO ALTO,VERDE 1,RESERVA FLORESTAL,ESTADUAL,RESERVA FLORESTAL,DO,MORRO GRANDE,RESERVA FLORESTAL DO MORRO GRANDE,Reserva Florestal,do,Morro Grande,Reserva Florestal do Morro Grande,1981.0,107565144,10756.5144,107.565144,SABESP,PROPRIEDADE SABESP; TOMBADA PELO CONDEPHAAT - RESOLUCAO 21/1981,>100 ha
17958,306.065103,435,SAO PAULO,,VERDE 1,PARES,ESTADUAL,PARQUE,DA,SERRA DO MAR - NUCLEO CURUCUTU,PARES SERRA DO MAR - NUCLEO CURUCUTU,Parque,da,Serra do Mar - Núcleo Curucutu,PARES Serra do Mar - Núcleo Curucutu,1977.0,306065024,30606.5024,306.065024,FUNDACAO PARA CONSERVACAO E PRODUCAO FLORESTAL DE SP,,>100 ha
17978,28.946484,429,ITANHAEM,,VERDE 1,PARES,ESTADUAL,PARQUE,DA,SERRA DO MAR - NUCLEO CURUCUTU,PARES SERRA DO MAR - NUCLEO CURUCUTU,Parque,da,Serra do Mar - Núcleo Curucutu,PARES Serra do Mar - Núcleo Curucutu,1977.0,28946524,2894.6524,28.946524,FUNDACAO PARA CONSERVACAO E PRODUCAO FLORESTAL DE SP,SUPERPOSTO POR TERRA INDIGENA,>100 ha
17997,0.53032,2,SAO PAULO,PARELHEIROS,VERDE 3,PNM,MUNICIPAL,PARQUE NATURAL,,CRATERA DA COLONIA,PARQUE NATURAL CRATERA DA COLONIA,Parque Natural,,Cratera da Colônia,Parque Natural Cratera da Colônia,2007.0,530469,53.046956,0.53047,PREFEITURA MUNICIPAL (SVMA),,50-100 ha
18011,1.243101,373,EMBU GUACU,EMBU GUACU,VERDE 2,PARES,ESTADUAL,PARQUE,DA,VARZEA DO EMBU GUACU,PARES VARZEA DO EMBU GUACU,Parque,da,Várzea do Embu-Guaçu,PARES Várzea do Embu-Guaçu,1997.0,1243101,124.3101,1.243101,SIMA - COORDENADORIA DE PARQUES E PARCERIAS,PERIMETRO APROXIMADO; TAMBÉM DENOMINADO 'AZIZ AB'SABER',>100 ha
18025,0.216616,3,EMBU DAS ARTES,EMBU DAS ARTES,VERDE 3,PARQUE URBANO,MUNICIPAL,PARQUE,DO,LAGO FRANCISCO RIZZO,PARQUE DO LAGO FRANCISCO RIZZO,Parque,do,Lago Francisco Rizzo,Parque do Lago Francisco Rizzo,,216615,21.661556,0.216616,,,10-50 ha
18039,1.791937,4,EMBU DAS ARTES,EMBU DAS ARTES,VERDE 2,PARQUE URBANO,MUNICIPAL,PARQUE,DA,VARZEA DO EMBU MIRIM,PARQUE DA VARZEA DO EMBU MIRIM,Parque,da,Várzea do Embu Mirim,Parque da Várzea do Embu Mirim,2010.0,1791857,179.185712,1.791857,,PERIMETRO APROXIMADO,>100 ha
18053,0.819312,5,COTIA,COTIA,VERDE 2,PARQUE URBANO,MUNICIPAL,PARQUE,,CEMUCAM,PARQUE CEMUCAM,Parque,,Cemucam,Parque Cemucam,1968.0,819312,81.931206,0.819312,,PERTENCE AO MUNICÍPIO DE SAO PAULO,50-100 ha
18067,1.386495,345,SAO PAULO,RAPOSO TAVARES,VERDE 2,PARES,ESTADUAL,PARQUE,,JEQUITIBA,PARES JEQUITIBA,Parque,,Jequitibá,PARES Jequitibá,2019.0,1386495,138.649538,1.386495,SIMA - COORDENADORIA DE PARQUES E PARCERIAS,,>100 ha
18081,3.762396,364,SAO PAULO,GRAJAU,VERDE 2,PNM,MUNICIPAL,PARQUE NATURAL,,JACEGUAVA,PARQUE NATURAL JACEGUAVA,Parque Natural,,Jaceguava,Parque Natural Jaceguava,,3762395,376.239575,3.762396,PREFEITURA MUNICIPAL (SVMA),,>100 ha
18105,0.11017,358,SAO PAULO,PARELHEIROS,VERDE 4,PARQUE URBANO,MUNICIPAL,PARQUE,,NASCENTES DO RIBEIRAO COCAIA,PARQUE NASCENTES DO RIBEIRAO COCAIA,Parque,,Nascentes do Ribeirao Colônia,Parque Nascentes do Ribeirao Colônia,2020.0,110169,11.016969,0.11017,SECRETARIA DO VERDE E MEIO AMBIENTE (DGPU),,10-50 ha
18119,0.016529,359,SAO PAULO,PARELHEIROS,VERDE 6,PARQUE LINEAR,MUNICIPAL,PARQUE,,PARELHEIROS,PARQUE PARELHEIROS,Parque,,Parelheiros,Parque Parelheiros,2007.0,16529,1.652948,0.016529,SECRETARIA DO VERDE E MEIO AMBIENTE (DGPU),,1-5 ha
18133,4.435268,363,SAO PAULO,PARELHEIROS,VERDE 2,PNM,MUNICIPAL,PARQUE NATURAL,,ITAIM,PARQUE NATURAL ITAIM,Parque Natural,,Itaim,Parque Natural Itaim,,4435316,443.53165,4.435316,PREFEITURA MUNICIPAL (SVMA),,>100 ha
18150,4.896779,362,SAO PAULO,PARELHEIROS,VERDE 2,PNM,MUNICIPAL,PARQUE NATURAL,,VARGINHA,PARQUE NATURAL VARGINHA,Parque Natural,,Varginha,Parque Natural Varginha,,4896779,489.6779,4.896779,PREFEITURA MUNICIPAL (SVMA),,>100 ha
18169,0.113487,365,SAO PAULO,CIDADE DUTRA,VERDE 4,PARQUE LINEAR,MUNICIPAL,PARQUE,,RIBEIRAO CAULIM,PARQUE RIBEIRAO CAULIM,Parque,,Ribeirao Caulim,Parque Ribeirao Caulim,,113487,11.348716,0.113487,SECRETARIA DO VERDE E MEIO AMBIENTE (DGPU),,10-50 ha
18183,0.022701,7,SAO PAULO,GRAJAU,VERDE 6,PARQUE LINEAR,MUNICIPAL,PARQUE,,RIBEIRAO COCAIA-OPCAO BRASIL,PARQUE RIBEIRAO COCAIA-OPCAO BRASIL,Parque,,Ribeirão Cocaia-Opção Brasil,Parque Ribeirão Cocaia-Opção Brasil,,22700,2.270062,0.022701,SECRETARIA DO VERDE E MEIO AMBIENTE (DGPU),,1-5 ha
18197,0.02829,369,SAO PAULO,CIDADE DUTRA,VERDE 5,PARQUE LINEAR,MUNICIPAL,PARQUE,,SAO JOSE,PARQUE SAO JOSE,Parque,,Sao José,Parque Sao José,2008.0,28289,2.828952,0.02829,SECRETARIA DO VERDE E MEIO AMBIENTE (DGPU),,1-5 ha
18211,0.042641,366,SAO PAULO,GRAJAU,VERDE 5,PARQUE LINEAR,MUNICIPAL,PARQUE,,RIBEIRAO COCAIA-CHACARA TANAY,PARQUE RIBEIRAO COCAIA-CHACARA TANAY,Parque,,Ribeirão Cocaia-Chacara Tanay,Parque Ribeirão Cocaia-Chacara Tanay,,42641,4.264138,0.042641,SECRETARIA DO VERDE E MEIO AMBIENTE (DGPU),,1-5 ha
18225,0.059889,8,SAO PAULO,GRAJAU,VERDE 4,PARQUE URBANO,MUNICIPAL,PARQUE,,SHANGRILA,PARQUE SHANGRILA,Parque,,Shangrilá,Parque Shangrilá,2008.0,59889,5.988914,0.059889,SECRETARIA DO VERDE E MEIO AMBIENTE (DGPU),,5-10 ha
18241,0.011418,368,SAO PAULO,GRAJAU,VERDE 6,PRACA,MUNICIPAL,PRACA,,IVONE DOS SANTOS RATTIS,PRACA IVONE DOS SANTOS RATTIS,Praça,,Ivone dos Santos Rattis,Praça Ivone dos Santos Rattis,,11417,1.141795,0.011418,,,1-5 ha
18255,0.075523,9,SAO PAULO,CIDADE DUTRA,VERDE 4,PARQUE URBANO,MUNICIPAL,PARQUE,,GUANHEMBU BENEDITA RAMOS CARUSO,PARQUE GUANHEMBU BENEDITA RAMOS CARUSO,Parque,,Guanhembu-Benedita Ramos Caruso,Parque Guanhembu-Benedita Ramos Caruso,2011.0,75523,7.552305,0.075523,SECRETARIA DO VERDE E MEIO AMBIENTE (DGPU),,5-10 ha
18269,0.189411,374,SAO PAULO,JARDIM ANGELA,VERDE 3,PARQUE URBANO,MUNICIPAL,PARQUE,,MBOI MIRIM,PARQUE MBOI MIRIM,Parque,,Mboi Mirim,Parque Mboi Mirim,2012.0,189411,18.941123,0.189411,SECRETARIA DO VERDE E MEIO AMBIENTE (DGPU),,10-50 ha
18283,3.057477,10,SAO PAULO,JARDIM ANGELA,VERDE 2,PARES,ESTADUAL,PARQUE ECOLOGICO,,GUARAPIRANGA,PARES GUARAPIRANGA,Parque Ecológico,,Guarapiranga,PARES Guarapiranga,1999.0,3057477,305.747725,3.057477,SIMA - COORDENADORIA DE PARQUES E PARCERIAS,,>100 ha
18297,0.005274,11,SAO PAULO,JARDIM ANGELA,VERDE 6,PRACA,MUNICIPAL,PRACA,,BAMBUZAL,PRACA BAMBUZAL,Praça,,Bambuzal,Praça Bambuzal,,5274,0.527421,0.005274,,,0.5-1 ha
18311,0.133968,12,SAO PAULO,CAPAO REDONDO,VERDE 3,PARQUE URBANO,MUNICIPAL,PARQUE,,SANTO DIAS,PARQUE SANTO DIAS,Parque,,Santo Dias,Parque Santo Dias,1992.0,133967,13.39675,0.133967,SECRETARIA DO VERDE E MEIO AMBIENTE (DGPU),,10-50 ha
18325,0.017077,13,SAO PAULO,JARDIM SAO LUIS,VERDE 6,PRACA,MUNICIPAL,PRACA,,,PRACA,Praça,,,Praça,,17076,1.70768,0.017077,,,1-5 ha
18340,0.076639,14,SAO PAULO,JARDIM ANGELA,VERDE 4,PARQUE URBANO,MUNICIPAL,PARQUE,,JARDIM HERCULANO,PARQUE JARDIM HERCULANO,Parque,,Jardim Herculano,Parque Jardim Herculano,2011.0,76639,7.663941,0.076639,SECRETARIA DO VERDE E MEIO AMBIENTE (DGPU),,5-10 ha
18354,0.014059,15,SAO PAULO,JARDIM SAO LUIS,VERDE 6,PRACA,MUNICIPAL,PRACA,,,PRACA,Praça,,,Praça,,14058,1.405875,0.014059,,,1-5 ha
18368,0.022941,16,SAO PAULO,JARDIM ANGELA,VERDE 6,PARQUE URBANO,MUNICIPAL,RESERVA,,ALTOS DA BARONESA,RESERVA ALTOS DA BARONESA,Reserva,,Altos da Baronesa,Reserva Altos da Baronesa,2012.0,22941,2.294148,0.022941,SECRETARIA DO VERDE E MEIO AMBIENTE (DGPU),,1-5 ha
18382,0.152592,443,SAO PAULO,JARDIM SAO LUIS,VERDE 3,PARQUE URBANO,MUNICIPAL,PARQUE,DO,GUARAPIRANGA,PARQUE DO GUARAPIRANGA,Parque,do,Guarapiranga,Parque do Guarapiranga,1974.0,152592,15.259219,0.152592,SECRETARIA DO VERDE E MEIO AMBIENTE (DGPU),,10-50 ha
18396,0.015876,17,SAO PAULO,CAMPO LIMPO,VERDE 6,PRACA,MUNICIPAL,PRACA,,JOAO TADEU PRIOLLI,PRACA JOAO TADEU PRIOLLI,Praça,,João Tadeu Priolli,Praça João Tadeu Priolli,,15875,1.587587,0.015876,,,1-5 ha
21258,0.016045,444,SAO PAULO,CAMPO LIMPO,VERDE 6,PRACA,MUNICIPAL,PRACA,,ALEXANDRE VANUCHI LEME,PRACA ALEXANDRE VANUCHI LEME,Praça,,Alexandre Vanuchi Leme,Praça Alexandre Vanuchi Leme,,16045,1.604532,0.016045,,,1-5 ha
21272,0.040011,18,TABOAO DA SERRA,TABOAO DA SERRA,VERDE 5,PARQUE URBANO,MUNICIPAL,PARQUE,DAS,HORTENSIAS,PARQUE DAS HORTENSIAS,Parque,das,Hortênsias,Parque das Hortênsias,,40010,4.001098,0.040011,,,1-5 ha
21286,0.074474,19,SAO PAULO,CAMPO LIMPO,VERDE 4,PRACA,MUNICIPAL,PRACA,,JORNALISTA CARLOS ALBERTO BOTTINI,PRACA JORNALISTA CARLOS ALBERTO BOTTINI,Praça,,Jornalista Carlos Alberto Bottini,Praça Jornalista Carlos Alberto Bottini,,74474,7.447411,0.074474,,,5-10 ha
21300,0.018845,378,SAO PAULO,CAMPO LIMPO,VERDE 6,PARQUE URBANO,MUNICIPAL,PARQUE,DOS,EUCALIPTOS,PARQUE DOS EUCALIPTOS,Parque,dos,Eucaliptos,Parque dos Eucaliptos,1995.0,18845,1.88451,0.018845,SECRETARIA DO VERDE E MEIO AMBIENTE (DGPU),,1-5 ha
21315,0.14389,20,SAO PAULO,VILA SONIA,VERDE 3,PARQUE URBANO,MUNICIPAL,PARQUE,,CHACARA DO JOCKEY,PARQUE CHACARA DO JOCKEY,Parque,,Chácara do Jockey,Parque Chácara do Jockey,2016.0,143889,14.388959,0.14389,SECRETARIA DO VERDE E MEIO AMBIENTE (DGPU),,10-50 ha
21329,0.246841,370,SAO PAULO,CIDADE DUTRA,VERDE 3,PARQUE LINEAR,MUNICIPAL,PARQUE,,NOVE DE JULHO,PARQUE NOVE DE JULHO,Parque,,Nove De Julho,Parque Nove De Julho,,246840,24.684061,0.246841,SECRETARIA DO VERDE E MEIO AMBIENTE (DGPU),,10-50 ha
21343,0.093801,371,SAO PAULO,CIDADE DUTRA,VERDE 4,PARQUE LINEAR,MUNICIPAL,PARQUE,,CASTELO,PARQUE CASTELO,Parque,,Castelo,Parque Castelo,2011.0,93800,9.380095,0.093801,SECRETARIA DO VERDE E MEIO AMBIENTE (DGPU),,5-10 ha
21357,0.043477,372,SAO PAULO,SOCORRO,VERDE 5,PARQUE URBANO,MUNICIPAL,PARQUE,,PRAIA SAO PAULO-PRAIA DO SOL,PARQUE PRAIA SAO PAULO-PRAIA DO SOL,Parque,,Praia São Paulo-Praia do Sol,Parque Praia São Paulo-Praia do Sol,2009.0,43476,4.347669,0.043477,SECRETARIA DO VERDE E MEIO AMBIENTE (DGPU),,1-5 ha
21371,0.083037,21,SAO PAULO,SOCORRO,VERDE 4,PARQUE URBANO,MUNICIPAL,PARQUE,,JACQUES COUSTEAU,PARQUE JACQUES COUSTEAU,Parque,,Jacques Cousteau,Parque Jacques Cousteau,,83037,8.303709,0.083037,SECRETARIA DO VERDE E MEIO AMBIENTE (DGPU),TAMBEM CONHECIDO COMO 'LAGUINHO DE INTERLADOS',5-10 ha
21385,0.139168,22,SAO PAULO,SOCORRO,VERDE 4,PARQUE URBANO,MUNICIPAL,PARQUE,DA,BARRAGEM,PARQUE DA BARRAGEM,Parque,da,Barragem,Parque da Barragem,2009.0,139167,13.916786,0.139168,SECRETARIA DO VERDE E MEIO AMBIENTE (DGPU),,10-50 ha
21399,0.04656,23,SAO PAULO,VILA ANDRADE,VERDE 5,PARQUE URBANO,MUNICIPAL,PARQUE,,BURLE MARX (EXPANSAO),PARQUE BURLE MARX (EXPANSAO),Parque,,Burle Marx (expansão),Parque Burle Marx (expansão),,46560,4.656006,0.04656,SECRETARIA DO VERDE E MEIO AMBIENTE (DGPU),FUNDACAO ARAO BIRMANN,1-5 ha
21413,0.135528,24,SAO PAULO,VILA ANDRADE,VERDE 4,PARQUE URBANO,MUNICIPAL,PARQUE,,BURLE MARX,PARQUE BURLE MARX,Parque,,Burle Marx,Parque Burle Marx,1995.0,135528,13.552811,0.135528,SECRETARIA DO VERDE E MEIO AMBIENTE (DGPU),FUNDACAO ARAO BIRMANN,10-50 ha
21428,0.041262,25,SAO PAULO,SANTO AMARO,VERDE 5,PARQUE URBANO,MUNICIPAL,PARQUE,,SEVERO GOMES,PARQUE SEVERO GOMES,Parque,,Severo Gomes,Parque Severo Gomes,1989.0,41261,4.126171,0.041262,SECRETARIA DO VERDE E MEIO AMBIENTE (DGPU),,1-5 ha
21442,0.065832,377,SAO PAULO,VILA ANDRADE,VERDE 4,PARQUE URBANO,MUNICIPAL,PARQUE,,PARAISOPOLIS,PARQUE PARAISOPOLIS,Parque,,Paraisópolis,Parque Paraisópolis,2021.0,65831,6.583179,0.065832,SECRETARIA DO VERDE E MEIO AMBIENTE (DGPU),,5-10 ha
21456,0.071855,26,SAO PAULO,MORUMBI,VERDE 4,PRACA,MUNICIPAL,PRACA,,VINICIUS DE MORAIS,PRACA VINICIUS DE MORAIS,Praça,,Vinicius de Morais,Praça Vinicius de Morais,,71854,7.185466,0.071855,,,5-10 ha
21470,0.0103,27,SAO PAULO,MORUMBI,VERDE 6,PRACA,MUNICIPAL,PRACA,,VISCONDE DE CUNHA BUENO,PRACA VISCONDE DE CUNHA BUENO,Praça,,Visconde de Cunha Bueno,Praça Visconde de Cunha Bueno,,10300,1.030018,0.0103,,,1-5 ha
21484,0.01992,28,SAO PAULO,MORUMBI,VERDE 6,PARQUE URBANO,MUNICIPAL,RESERVA,,MORUMBI,RESERVA MORUMBI,Reserva,,Morumbi,Reserva Morumbi,2008.0,19919,1.991997,0.01992,SECRETARIA DO VERDE E MEIO AMBIENTE (DGPU),,1-5 ha
21498,0.039252,375,SAO PAULO,SANTO AMARO,VERDE 5,PARQUE URBANO,MUNICIPAL,PARQUE,,ALTO DA BOA VISTA,PARQUE ALTO DA BOA VISTA,Parque,,Alto da Boa Vista,Parque Alto da Boa Vista,2021.0,39251,3.925165,0.039252,SECRETARIA DO VERDE E MEIO AMBIENTE (DGPU),,1-5 ha
21512,0.03634,29,SAO PAULO,SANTO AMARO,VERDE 5,PARQUE URBANO,MUNICIPAL,PARQUE,DO,CORDEIRO (MARTIN LUTHER KING),PARQUE DO CORDEIRO (MARTIN LUTHER KING),Parque,do,Cordeiro (Martin Luther King),Parque do Cordeiro (Martin Luther King),2007.0,36340,3.634027,0.03634,SECRETARIA DO VERDE E MEIO AMBIENTE (DGPU),CORDEIRO - MARTIN LUTHER KING,1-5 ha
21526,0.030645,30,SAO PAULO,CAMPO BELO,VERDE 5,PARQUE URBANO,MUNICIPAL,PARQUE,DO,CHUVISCO,PARQUE DO CHUVISCO,Parque,do,Chuvisco,Parque do Chuvisco,2016.0,30644,3.064458,0.030645,SECRETARIA DO VERDE E MEIO AMBIENTE (DGPU),,1-5 ha
21541,0.00956,449,SAO PAULO,ITAIM BIBI,VERDE 6,PRACA,MUNICIPAL,PRACA,,ACIBE BALLAN CAMASMIE,PRACA ACIBE BALLAN CAMASMIE,Praça,,Acibe Ballan Camasmie,Praça Acibe Ballan Camasmie,,9559,0.955977,0.00956,,,0.5-1 ha
21555,0.021205,31,SAO PAULO,MOEMA,VERDE 6,PRACA,MUNICIPAL,PRACA,,CIDADE DE MILAO,PRACA CIDADE DE MILAO,Praça,,Cidade de Milão,Praça Cidade de Milão,,21205,2.12052,0.021205,,,1-5 ha
21569,0.11045,465,ITAPEVI,ITAPEVI,VERDE 4,PARQUE URBANO,MUNICIPAL,PARQUE,DA,CIDADE,PARQUE DA CIDADE,Parque,da,Cidade,Parque da Cidade,2020.0,110450,11.045039,0.11045,,,10-50 ha
21586,0.12742,32,JANDIRA,JANDIRA,VERDE 4,PARQUE URBANO,MUNICIPAL,PORTAL ECOLOGICO,,PEDRA BONITA,PORTAL ECOLOGICO PEDRA BONITA,Portal Ecológico,,Pedra Bonita,Portal Ecológico Pedra Bonita,2009.0,127420,12.742,0.12742,,,10-50 ha
21600,0.033568,466,JANDIRA,JANDIRA,VERDE 5,PRACA,MUNICIPAL,PRACA,,,PRACA,Praça,,,Praça,,33567,3.356759,0.033568,,CONDOMINIO BEVERLY HILLS,1-5 ha
21615,0.012819,33,BARUERI,ALDEIA,VERDE 6,PRACA,MUNICIPAL,PRACA,,,PRACA,Praça,,,Praça,,12818,1.28188,0.012819,,,1-5 ha
21629,0.07266,34,BARUERI,BARUERI,VERDE 5,PRACA,MUNICIPAL,PRACA,,,PRACA,Praça,,,Praça,,72676,7.267699,0.072677,,NOMES PARCIAIS; PRACA VIARIA,5-10 ha
21643,0.09345,35,BARUERI,BARUERI,VERDE 4,PARQUE URBANO,MUNICIPAL,PARQUE,,DOM JOSE,PARQUE DOM JOSE,Parque,,Dom José,Parque Dom José,,93449,9.344971,0.09345,,,5-10 ha
21657,0.019493,36,BARUERI,BARUERI,VERDE 6,PRACA,MUNICIPAL,PRACA,DOS,ESTUDANTES,PRACA DOS ESTUDANTES,Praça,dos,Estudantes,Praça dos Estudantes,,19493,1.949336,0.019493,,,1-5 ha
21671,0.210649,425,BARUERI,BARUERI,VERDE 3,PARQUE URBANO,ESTADUAL,PARQUE ECOLOGICO,DO,TIETE - NUCLEO TAMBORE,PARQUE ECOLOGICO DO TIETE - NUCLEO TAMBORE,Parque Ecológico,do,Tietê - Núcleo Tamboré,Parque Ecológico do Tietê - Núcleo Tamboré,1982.0,210648,21.064858,0.210649,DAEE - PM SANTANA DE PARNAIBA,ILHA DO BACURI; CEDIDA A SANTANA DE PARNAIBA EM 2014,10-50 ha
21685,0.739595,424,BARUERI,BARUERI,VERDE 2,PARQUE URBANO,ESTADUAL,PARQUE ECOLOGICO,DO,TIETE - NUCLEO TAMBORE,PARQUE ECOLOGICO DO TIETE - NUCLEO TAMBORE,Parque Ecológico,do,Tietê - Núcleo Tamboré,Parque Ecológico do Tietê - Núcleo Tamboré,1982.0,739595,73.959513,0.739595,DAEE - PM DE BARUERI,PARQUE ECOLOGICO DE BARUERI; GESTAO CEDIDA EM 2014,50-100 ha
21699,0.287717,37,BARUERI,BARUERI,VERDE 3,PARQUE URBANO,ESTADUAL,PARQUE ECOLOGICO,DO,TIETE - NUCLEO TAMBORE,PARQUE ECOLOGICO DO TIETE - NUCLEO TAMBORE,Parque Ecológico,do,Tietê - Núcleo Tamboré,Parque Ecológico do Tietê - Núcleo Tamboré,1982.0,287717,28.771747,0.287717,DAEE - PM DE BARUERI,GESTAO CEDIDA EM 2014,10-50 ha
37100,0.01791,126,SAO PAULO,BRASILANDIA,VERDE 6,PRACA,MUNICIPAL,PRACA,,,PRACA,Praça,,,Praça,,17909,1.790972,0.01791,,,1-5 ha
37114,20.171342,127,FRANCO DA ROCHA,FRANCO DA ROCHA,VERDE 1,PARES,ESTADUAL,PARQUE ESTADUAL,DO,JUQUERI,PARES JUQUERI,Parque Estadual,do,Juqueri,PARES Juqueri,1993.0,20171294,2017.1294,20.171294,,,>100 ha
37128,25.163498,430,MONGAGUA,,VERDE 1,PARES,ESTADUAL,PARQUE,DA,SERRA DO MAR - NUCLEO CURUCUTU,PARES SERRA DO MAR - NUCLEO CURUCUTU,Parque,da,Serra do Mar - Núcleo Curucutu,PARES Serra do Mar - Núcleo Curucutu,1977.0,25163512,2516.3512,25.163512,FUNDACAO PARA CONSERVACAO E PRODUCAO FLORESTAL DE SP,SUPERPOSTO POR TERRA INDIGENA,>100 ha
37146,19.854255,433,MONGAGUA,,VERDE 1,PARES,ESTADUAL,PARQUE,DA,SERRA DO MAR - NUCLEO CURUCUTU,PARES SERRA DO MAR - NUCLEO CURUCUTU,Parque,da,Serra do Mar - Núcleo Curucutu,PARES Serra do Mar - Núcleo Curucutu,1977.0,19854052,1985.4052,19.854052,FUNDACAO PARA CONSERVACAO E PRODUCAO FLORESTAL DE SP,,>100 ha
37162,1.866027,434,SAO VICENTE,,VERDE 1,PARES,ESTADUAL,PARQUE,DA,SERRA DO MAR - NUCLEO CURUCUTU,PARES SERRA DO MAR - NUCLEO CURUCUTU,Parque,da,Serra do Mar - Núcleo Curucutu,PARES Serra do Mar - Núcleo Curucutu,1977.0,1866027,186.602725,1.866027,FUNDACAO PARA CONSERVACAO E PRODUCAO FLORESTAL DE SP,,>100 ha
37178,0.518311,360,SAO PAULO,PARELHEIROS,VERDE 3,RPPN,FEDERAL,RESERVA PARTICULAR DO PATRIMONIO NATURAL,,SITIO CURUCUTU,RPPN SITIO CURUCUTU,Reserva Particular do Patrimônio Natural,,Sítio Curucutu,RPPN Sítio Curucutu,,518310,51.831069,0.518311,ICMBIO,,50-100 ha
37192,2.833508,361,SAO PAULO,GRAJAU,VERDE 2,PNM,MUNICIPAL,PARQUE NATURAL,,BORORE,PARQUE NATURAL BORORE,Parque Natural,,Bororé,Parque Natural Bororé,2012.0,2833526,283.35265,2.833527,PREFEITURA MUNICIPAL (SVMA),,>100 ha
37210,0.105949,367,SAO PAULO,GRAJAU,VERDE 4,PARQUE URBANO,MUNICIPAL,PARQUE,,JARDIM PRAINHA,PARQUE JARDIM PRAINHA,Parque,,Jardim Prainha,Parque Jardim Prainha,,105949,10.594918,0.105949,SECRETARIA DO VERDE E MEIO AMBIENTE (DGPU),,10-50 ha
37224,0.28337,342,SAO BERNARDO DO CAMPO,RIACHO GRANDE,VERDE 3,PARQUE URBANO,PRIVADA,PARQUE ECOLOGICO,,IMIGRANTES,PARQUE ECOLOGICO IMIGRANTES,Parque Ecológico,,Imigrantes,Parque Ecológico Imigrantes,,283369,28.336975,0.28337,,PERIMETRO APROXIMADO,10-50 ha
37239,0.082979,128,SAO PAULO,PEDREIRA,VERDE 4,PARQUE URBANO,MUNICIPAL,PARQUE,,SETE CAMPOS,PARQUE SETE CAMPOS,Parque,,Sete Campos,Parque Sete Campos,2010.0,82978,8.297889,0.082979,SECRETARIA DO VERDE E MEIO AMBIENTE (DGPU),,5-10 ha
37253,0.031207,129,SAO PAULO,JABAQUARA,VERDE 5,PARQUE URBANO,MUNICIPAL,PARQUE,DO,NABUCO,PARQUE DO NABUCO,Parque,do,Nabuco,Parque do Nabuco,1980.0,31206,3.120696,0.031207,SECRETARIA DO VERDE E MEIO AMBIENTE (DGPU),,1-5 ha
37267,0.022777,130,DIADEMA,DIADEMA,VERDE 6,PARQUE URBANO,MUNICIPAL,PARQUE ECOLOGICO,,ELDORADO,PARQUE ECOLOGICO ELDORADO,Parque Ecológico,,Eldorado,Parque Ecológico Eldorado,,22776,2.27766,0.022777,,,1-5 ha
37281,0.02439,131,DIADEMA,DIADEMA,VERDE 6,PARQUE URBANO,MUNICIPAL,JARDIM,,BOTANICO,JARDIM BOTANICO,Jardim,,Botânico,Jardim Botânico,,24389,2.438965,0.02439,,,1-5 ha
37295,0.045108,132,DIADEMA,DIADEMA,VERDE 5,PRACA,MUNICIPAL,PRACA,DA,MOCA,PRACA DA MOCA,Praça,da,Moça,Praça da Moça,,45107,4.510797,0.045108,,,1-5 ha
37309,0.030176,133,DIADEMA,DIADEMA,VERDE 5,PARQUE URBANO,MUNICIPAL,PARQUE,,POUSADA DOS JESUITAS,PARQUE POUSADA DOS JESUITAS,Parque,,Pousada dos Jesuítas,Parque Pousada dos Jesuítas,,30176,3.017616,0.030176,,,1-5 ha
37323,0.059951,134,DIADEMA,DIADEMA,VERDE 4,PARQUE URBANO,MUNICIPAL,PARQUE,DO,PACO,PARQUE DO PACO,Parque,do,Paço,Parque do Paço,,59951,5.99515,0.059951,,,5-10 ha
37337,0.010711,376,SAO PAULO,CAMPO BELO,VERDE 6,PRACA,MUNICIPAL,PRACA,,JOUBERT DE CARVALHO,PRACA JOUBERT DE CARVALHO,Praça,,Joubert de Carvalho,Praça Joubert de Carvalho,,10710,1.071051,0.010711,,,1-5 ha
37352,0.011477,135,SAO PAULO,JABAQUARA,VERDE 6,PRACA,MUNICIPAL,PRACA,,,PRACA,Praça,,,Praça,,11476,1.147684,0.011477,,,1-5 ha
37366,0.01771,136,SAO PAULO,JABAQUARA,VERDE 6,PARQUE URBANO,MUNICIPAL,PARQUE,,LINA E PAULO RAIA,PARQUE LINA E PAULO RAIA,Parque,,Lina e Paulo Raia,Parque Lina e Paulo Raia,,17710,1.771025,0.01771,SECRETARIA DO VERDE E MEIO AMBIENTE (DGPU),,1-5 ha
37380,0.015345,137,SAO PAULO,JABAQUARA,VERDE 6,PRACA,MUNICIPAL,PRACA,,WHITHAKER PENTEADO,PRACA WHITHAKER PENTEADO,Praça,,Whithaker Penteado,Praça Whithaker Penteado,,15345,1.534545,0.015345,,COM ESCOLAS,1-5 ha
37394,0.043627,138,SAO PAULO,SAUDE,VERDE 6,PRACA,MUNICIPAL,PRACA,,PROFESSOR MARIO AUTUORI,PRACA PROFESSOR MARIO AUTUORI,Praça,,Professor Mário Autuori,Praça Professor Mário Autuori,,43627,4.362742,0.043627,,,1-5 ha
37408,0.013535,139,SAO PAULO,JABAQUARA,VERDE 6,PRACA,MUNICIPAL,PRACA,,,PRACA,Praça,,,Praça,,13535,1.353547,0.013535,,,1-5 ha
37422,0.03066,140,SAO PAULO,JABAQUARA,VERDE 6,PRACA,MUNICIPAL,PRACA,,PROFESSOR ORLANDO GOMES,PRACA PROFESSOR ORLANDO GOMES,Praça,,Professor Orlando Gomes,Praça Professor Orlando Gomes,,30660,3.066,0.03066,,,1-5 ha
37436,0.014332,142,SAO PAULO,MOEMA,VERDE 6,PRACA,MUNICIPAL,PRACA,,MESTRE DE AVIZ-PROFESSOR ROSSINI T LIMA,PRACA MESTRE DE AVIZ-PROFESSOR ROSSINI T LIMA,Praça,,Mestre de Aviz-Professor Rossini T Lima,Praça Mestre de Aviz-Professor Rossini T Lima,,14332,1.433231,0.014332,,,1-5 ha
37450,0.013577,143,SAO PAULO,VILA MARIANA,VERDE 6,PARQUE URBANO,MUNICIPAL,PARQUE,,CASA MODERNISTA,PARQUE CASA MODERNISTA,Parque,,Casa Modernista,Parque Casa Modernista,,13577,1.35775,0.013577,SECRETARIA DO VERDE E MEIO AMBIENTE (DGPU),CASA CONSTRUIDA EM 1928,1-5 ha
37465,4.756181,352,SAO PAULO,CURSINO,VERDE 2,PARES,ESTADUAL,PARQUE ESTADUAL,DAS,FONTES DO IPIRANGA,PARES FONTES DO IPIRANGA,Parque Estadual,das,Fontes do Ipiranga,PARES Fontes do Ipiranga,1954.0,4756181,475.6181,4.756181,,NOME POPULAR: PARQUE DO ESTADO; GESTAO INSTITUTO DE BOTANICA,>100 ha
37479,0.024965,144,SAO PAULO,IPIRANGA,VERDE 6,PRACA,MUNICIPAL,PRACA,,PINHEIRO DA CUNHA,PRACA PINHEIRO DA CUNHA,Praça,,Pinheiro da Cunha,Praça Pinheiro da Cunha,,24964,2.496473,0.024965,,,1-5 ha
37493,0.010064,145,SAO PAULO,SACOMA,VERDE 6,PRACA,MUNICIPAL,PRACA,,MONTE AZUL PAULISTA,PRACA MONTE AZUL PAULISTA,Praça,,Monte Azul Paulista,Praça Monte Azul Paulista,,10064,1.006421,0.010064,,,1-5 ha
37507,0.014096,146,SAO BERNARDO DO CAMPO,SAO BERNARDO DO CAMPO,VERDE 6,PARQUE URBANO,MUNICIPAL,PARQUE,,ENGENHEIRO SALVADOR ARENA,PARQUE ENGENHEIRO SALVADOR ARENA,Parque,,Engenheiro Salvador Arena,Parque Engenheiro Salvador Arena,2005.0,14096,1.409645,0.014096,,,1-5 ha
37521,0.022031,147,SAO BERNARDO DO CAMPO,SAO BERNARDO DO CAMPO,VERDE 6,PARQUE URBANO,MUNICIPAL,PARQUE,DE,ESPORTES RADICAIS,PARQUE DE ESPORTES RADICAIS,Parque,de,Esportes Radicais,Parque de Esportes Radicais,,22030,2.203072,0.022031,,CITTA DI MAROSTICA,1-5 ha
37535,0.094166,428,SAO BERNARDO DO CAMPO,SAO BERNARDO DO CAMPO,VERDE 4,PARQUE URBANO,MUNICIPAL,CHACARA,,SILVESTRE,CHACARA SILVESTRE,Chácara,,Silvestre,Chácara Silvestre,2011.0,94165,9.416595,0.094166,,,5-10 ha
37549,0.364437,341,SANTO ANDRE,SANTO ANDRE,VERDE 3,PARES,ESTADUAL,CHACARA,DA,BARONESA,PARES BARONESA,Chácara,da,Baronesa,PARES Baronesa,2001.0,364437,36.4437,0.364437,SIMA - COORDENADORIA DE PARQUES E PARCERIAS,ANTERIORMENTE APA HARAS SAO BERNARDO,10-50 ha
40977,0.04426,148,SAO BERNARDO DO CAMPO,SAO BERNARDO DO CAMPO,VERDE 5,PARQUE URBANO,MUNICIPAL,CIDADE,DA,CRIANCA,CIDADE DA CRIANCA,Cidade,da,Criança,Cidade da Criança,1968.0,44260,4.426011,0.04426,,FECHADO ENTRE 2005 E 2010,1-5 ha
40991,0.0243,149,SAO BERNARDO DO CAMPO,SAO BERNARDO DO CAMPO,VERDE 6,PARQUE URBANO,MUNICIPAL,PARQUE,,CIDADE DE SAO BERNARDO,PARQUE CIDADE DE SAO BERNARDO,Parque,,Cidade de São Bernardo,Parque Cidade de São Bernardo,,24299,2.429951,0.0243,,RAFAEL LAZZURI,1-5 ha
41005,0.047313,150,SANTO ANDRE,SANTO ANDRE,VERDE 5,PARQUE URBANO,MUNICIPAL,PARQUE,,ESCOLA,PARQUE ESCOLA,Parque,,Escola,Parque Escola,,47313,4.73133,0.047313,,,1-5 ha
41019,0.051206,423,SANTO ANDRE,SANTO ANDRE,VERDE 5,PRACA,MUNICIPAL,PRACA,,,PRACA,Praça,,,Praça,,51206,5.120602,0.051206,,,5-10 ha
41035,0.039465,151,SAO CAETANO DO SUL,SAO CAETANO DO SUL,VERDE 5,PARQUE URBANO,MUNICIPAL,PARQUE,,JOSE ALVES DOS REIS,PARQUE JOSE ALVES DOS REIS,Parque,,José Alves dos Reis,Parque José Alves dos Reis,,39465,3.946541,0.039465,,,1-5 ha
41049,0.017985,152,SAO CAETANO DO SUL,SAO CAETANO DO SUL,VERDE 6,PARQUE URBANO,MUNICIPAL,PARQUE ECOLOGICO,,CHICO MENDES,PARQUE ECOLOGICO CHICO MENDES,Parque Ecológico,,Chico Mendes,Parque Ecológico Chico Mendes,,17985,1.798529,0.017985,,,1-5 ha
41063,0.011721,153,SAO CAETANO DO SUL,SAO CAETANO DO SUL,VERDE 6,PARQUE URBANO,MUNICIPAL,PARQUE,,CATARINA SCARPARO D AGOSTINI,PARQUE CATARINA SCARPARO D AGOSTINI,Parque,,Catarina Scarparo d'Agostini,Parque Catarina Scarparo d'Agostini,,11720,1.172058,0.011721,,,1-5 ha
41077,0.114297,154,SAO CAETANO DO SUL,SAO CAETANO DO SUL,VERDE 4,PARQUE URBANO,MUNICIPAL,PARQUE,,CHICO MENDES,PARQUE CHICO MENDES,Parque,,Chico Mendes,Parque Chico Mendes,,114297,11.429713,0.114297,,,10-50 ha
41091,0.061063,351,SAO PAULO,SACOMA,VERDE 5,PARQUE URBANO,MUNICIPAL,PARQUE,,HELIOPOLIS,PARQUE HELIOPOLIS,Parque,,Heliópolis,Parque Heliópolis,2022.0,60942,6.094259,0.060943,SECRETARIA DO VERDE E MEIO AMBIENTE (DGPU),,5-10 ha
41105,0.021083,155,SAO PAULO,IPIRANGA,VERDE 6,PRACA,MUNICIPAL,PRACA,,,PRACA,Praça,,,Praça,,21082,2.108251,0.021083,,,1-5 ha
41119,0.037904,156,SAO CAETANO DO SUL,SAO CAETANO DO SUL,VERDE 5,PRACA,MUNICIPAL,CIDADE,DAS,CRIANCAS,CIDADE DAS CRIANCAS,Cidade,das,Crianças,Cidade das Crianças,,37903,3.790393,0.037904,,,1-5 ha
41133,0.070903,157,SANTO ANDRE,SANTO ANDRE,VERDE 4,PARQUE URBANO,MUNICIPAL,PARQUE,,PREFEITO CELSO DANIEL,PARQUE PREFEITO CELSO DANIEL,Parque,,Prefeito Celso Daniel,Parque Prefeito Celso Daniel,1977.0,70903,7.090314,0.070903,,PARQUE DUQUE DE CAXIAS; ANTIGA CHACARA GE,5-10 ha
41148,0.014804,158,SANTO ANDRE,SANTO ANDRE,VERDE 6,PRACA,MUNICIPAL,PRACA,,SAMUEL DE CASTRO NEVES,PRACA SAMUEL DE CASTRO NEVES,Praça,,Samuel de Castro Neves,Praça Samuel de Castro Neves,,14804,1.48042,0.014804,,,1-5 ha
41162,0.036999,159,SANTO ANDRE,SANTO ANDRE,VERDE 5,PARQUE URBANO,MUNICIPAL,CHACARA,,PIGNATARI,CHACARA PIGNATARI,Chácara,,Pignatari,Chácara Pignatari,,36998,3.699884,0.036999,,,1-5 ha
41176,0.011976,160,SAO PAULO,VILA PRUDENTE,VERDE 6,PRACA,MUNICIPAL,PRACA,,PRF MARIO BULCAO,PRACA PRF MARIO BULCAO,Praça,,Prf Mário Bulcão,Praça Prf Mário Bulcão,,11975,1.197595,0.011976,,,1-5 ha
41190,0.015264,161,SAO PAULO,SAO LUCAS,VERDE 6,PRACA,MUNICIPAL,PRACA,,MENDEL RIRSCHFELD,PRACA MENDEL RIRSCHFELD,Praça,,Mendel Rirschfeld,Praça Mendel Rirschfeld,,15263,1.526373,0.015264,,,1-5 ha
41204,0.373788,162,SAO BERNARDO DO CAMPO,RIACHO GRANDE,VERDE 3,PARQUE URBANO,MUNICIPAL,PARQUE,,ESTORIL,PARQUE ESTORIL,Parque,,Estoril,Parque Estoril,1955.0,373788,37.378806,0.373788,,PERIMETRO APROXIMADO,10-50 ha
41218,2.56818,346,SAO BERNARDO DO CAMPO,SAO BERNARDO DO CAMPO,VERDE 2,PARES,ESTADUAL,PARQUE,,AGUAS DA BILLINGS,PARES AGUAS DA BILLINGS,Parque,,Águas da Billings,PARES Águas da Billings,2018.0,2568186,256.81865,2.568186,FUNDACAO PARA CONSERVACAO E PRODUCAO FLORESTAL DE SP,PERIMETRO APROXIMADO,>100 ha
41232,8.303713,163,SANTO ANDRE,SANTO ANDRE,VERDE 2,PARQUE URBANO,MUNICIPAL,PARQUE,DO,PEDROSO,PARQUE DO PEDROSO,Parque,do,Pedroso,Parque do Pedroso,1979.0,8303609,830.3609,8.303609,,INICIO: DECADA DE 1940,>100 ha
41249,0.378723,164,SANTO ANDRE,SANTO ANDRE,VERDE 3,PARQUE URBANO,MUNICIPAL,PARQUE,,CENTRAL,PARQUE CENTRAL,Parque,,Central,Parque Central,,378723,37.872325,0.378723,,,10-50 ha
41263,0.034942,165,SANTO ANDRE,SANTO ANDRE,VERDE 5,PARQUE URBANO,MUNICIPAL,PARQUE,,ANTONIO FLAQUER,PARQUE ANTONIO FLAQUER,Parque,,Antônio Fláquer,Parque Antônio Fláquer,,34941,3.494198,0.034942,,,1-5 ha
41277,0.035248,166,SANTO ANDRE,SANTO ANDRE,VERDE 5,PARQUE URBANO,MUNICIPAL,PARQUE,DA,JUVENTUDE,PARQUE DA JUVENTUDE,Parque,da,Juventude,Parque da Juventude,,35248,3.524835,0.035248,,,1-5 ha
41291,0.01918,339,SANTO ANDRE,SANTO ANDRE,VERDE 6,PARQUE URBANO,MUNICIPAL,PARQUE,,PIRELLI,PARQUE PIRELLI,Parque,,Pirelli,Parque Pirelli,,19179,1.917958,0.01918,,,1-5 ha
41305,0.551029,338,SANTO ANDRE,SANTO ANDRE,VERDE 3,PARQUE URBANO,MUNICIPAL,PARQUE,DO,GUARACIABA,PARQUE DO GUARACIABA,Parque,do,Guaraciaba,Parque do Guaraciaba,2022.0,551028,55.102875,0.551029,,INAUGURADO EM 1992; FECHADO POUCO TEMPO DEPOIS,50-100 ha
41319,0.066916,340,MAUA,MAUA,VERDE 4,PRACA,MUNICIPAL,PARQUE,DA,JUVENTUDE,PARQUE DA JUVENTUDE,Parque,da,Juventude,Parque da Juventude,2016.0,66915,6.691559,0.066916,,TAMBEM DENOMINADO PARQUE DO PACO,5-10 ha
41333,0.070835,167,SANTO ANDRE,CAPUAVA,VERDE 4,PARQUE URBANO,MUNICIPAL,PARQUE REGIONAL,DA,CRIANCA,PARQUE REGIONAL DA CRIANCA,Parque Regional,da,Criança,Parque Regional da Criança,1980.0,70834,7.08348,0.070835,,PARQUE PALHACO ESTREMILIQUE,5-10 ha
41348,0.022785,168,SANTO ANDRE,CAPUAVA,VERDE 6,PRACA,MUNICIPAL,PRACA,,DOUTOR FRANCISCO PERRONE,PRACA DOUTOR FRANCISCO PERRONE,Praça,,Doutor Frnacisco Perrone,Praça Doutor Frnacisco Perrone,,22785,2.278535,0.022785,,,1-5 ha
41362,0.014844,169,SANTO ANDRE,CAPUAVA,VERDE 6,PRACA,MUNICIPAL,PRACA,,FRANCISCO DE PAULA PERUCHE,PRACA FRANCISCO DE PAULA PERUCHE,Praça,,Francisco de Paula Peruche,Praça Francisco de Paula Peruche,,14844,1.484418,0.014844,,,1-5 ha
41376,0.014932,170,SANTO ANDRE,CAPUAVA,VERDE 6,PARQUE URBANO,MUNICIPAL,CIDADE,DOS,MENINOS,CIDADE DOS MENINOS,Cidade,dos,Meninos,Cidade dos Meninos,,14932,1.493242,0.014932,,,1-5 ha
41390,0.027491,422,SAO PAULO,SAPOPEMBA,VERDE 5,PARQUE LINEAR,MUNICIPAL,PARQUE,,RIBEIRAO ORATORIO,PARQUE RIBEIRAO ORATORIO,Parque,,Ribeirão Oratório,Parque Ribeirão Oratório,,27490,2.749088,0.027491,SECRETARIA DO VERDE E MEIO AMBIENTE (DGPU),,1-5 ha
41404,0.203052,420,SAO PAULO,SAPOPEMBA,VERDE 4,PARQUE LINEAR,MUNICIPAL,PARQUE,,INTEGRACAO (ZILDA ARNS),PARQUE INTEGRACAO (ZILDA ARNS),Parque,,Integração (Zilda Arns),Parque Integração (Zilda Arns),2010.0,203052,20.305242,0.203052,SECRETARIA DO VERDE E MEIO AMBIENTE (DGPU),,10-50 ha
41424,0.050241,171,SAO PAULO,SAPOPEMBA,VERDE 5,PRACA,MUNICIPAL,PRACA,,PADRE PATRICIO PETERS,PRACA PADRE PATRICIO PETERS,Praça,,Padre Patrício Peters,Praça Padre Patrício Peters,,50240,5.024057,0.050241,,,5-10 ha
67491,0.022612,255,GUARULHOS,GUARULHOS,VERDE 6,PARQUE URBANO,PRIVADA,ECOPARK,,ROTARY,ECOPARK ROTARY,Ecopark,,Rotary,Ecopark Rotary,,22612,2.26123,0.022612,,,1-5 ha
67505,0.013105,256,GUARULHOS,GUARULHOS,VERDE 6,PRACA,MUNICIPAL,PRACA,,GETULIO VARGAS,PRACA GETULIO VARGAS,Praça,,Getúlio Vargas,Praça Getúlio Vargas,,13104,1.310451,0.013105,,,1-5 ha
67519,23.618911,257,SAO PAULO,CACHOEIRINHA,VERDE 1,PARES,ESTADUAL,PARQUE,DA,CANTAREIRA - NUCLEO PEDRA GRANDE,PARES CANTAREIRA - NUCLEO PEDRA GRANDE,Parque Estadual,da,Cantareira - Núcleo Pedra Grande,PARES Cantareira - Núcleo Pedra Grande,1989.0,23618040,2361.804,23.61804,FUNDACAO PARA CONSERVACAO E PRODUCAO FLORESTAL DE SP,CRIACAO DO PARQUE: 1963,>100 ha
67539,4.719337,258,MAIRIPORA,MAIRIPORA,VERDE 1,PARES,ESTADUAL,PARQUE ESTADUAL,DA,CANTAREIRA - NUCLEO AGUAS CLARAS,PARES CANTAREIRA - NUCLEO AGUAS CLARAS,Parque Estadual,da,Cantareira - Núcleo Águas Claras,PARES Cantareira - Núcleo Águas Claras,2000.0,4719337,471.9337,4.719337,FUNDACAO PARA CONSERVACAO E PRODUCAO FLORESTAL DE SP,CRIACAO DO PARQUE: 1963,>100 ha
67554,0.022696,259,SAO PAULO,TREMEMBE,VERDE 6,PRACA,MUNICIPAL,PRACA,,JOSE SANCHES,PRACA JOSE SANCHES,Praça,,José Sanches,Praça José Sanches,,22695,2.269582,0.022696,,,1-5 ha
67568,0.015513,260,GUARULHOS,GUARULHOS,VERDE 6,PRACA,MUNICIPAL,PRACA,,SANTOS DUMONT,PRACA SANTOS DUMONT,Praça,,Santos Dumont,Praça Santos Dumont,,15513,1.551314,0.015513,,,1-5 ha
67583,0.043822,261,GUARULHOS,GUARULHOS,VERDE 5,PRACA,MUNICIPAL,PRACA,,LAGO DOS PATOS,PRACA LAGO DOS PATOS,Praça,,Lago dos Patos,Praça Lago dos Patos,,43821,4.382166,0.043822,,,1-5 ha
67597,0.013011,262,GUARULHOS,GUARULHOS,VERDE 6,PARQUE URBANO,MUNICIPAL,PARQUE,,JOSE HETTELFLEISCH,PARQUE JOSE HETTELFLEISCH,Parque,,José Hettelfleich,Parque José Hettelfleich,,13010,1.301053,0.013011,,,1-5 ha
67611,0.018333,263,GUARULHOS,GUARULHOS,VERDE 6,PRACA,MUNICIPAL,PRACA,DO,JARDIM PALMIRA,PRACA DO JARDIM PALMIRA,Praça,do,Jardim Palmira,Praça do Jardim Palmira,,18332,1.833298,0.018333,,,1-5 ha
67625,0.073707,264,GUARULHOS,GUARULHOS,VERDE 4,PARQUE URBANO,MUNICIPAL,ZOOLOGICO,,MUNICIPAL,ZOOLOGICO MUNICIPAL,Zoológico,,Municipal,Zoológico Municipal,,73706,7.370668,0.073707,,,5-10 ha
67639,0.019467,267,GUARULHOS,GUARULHOS,VERDE 6,PARQUE URBANO,MUNICIPAL,PARQUE,,JARDIM CITY-JARDIM LAS VEGAS,PARQUE JARDIM CITY-JARDIM LAS VEGAS,Parque,,Jardim City-Jardim Las Vegas,Parque Jardim City-Jardim Las Vegas,,19466,1.946652,0.019467,,,1-5 ha
67653,0.017387,265,GUARULHOS,GUARULHOS,VERDE 6,PRACA,MUNICIPAL,PRACA,,,PRACA,Praça,,,Praça,,17387,1.738723,0.017387,,,1-5 ha
67667,0.024584,266,GUARULHOS,GUARULHOS,VERDE 6,PRACA,MUNICIPAL,PRACA,,,PRACA,Praça,,,Praça,,24583,2.458371,0.024584,,,1-5 ha
67681,20.9135,268,SAO PAULO,TREMEMBE,VERDE 1,PARES,ESTADUAL,PARQUE ESTADUAL,DA,CANTAREIRA - NUCLEO ENGORDADOR,PARES CANTAREIRA - NUCLEO ENGORDADOR,Parque Estadual,da,Cantareira - Núcleo Engordador,PARES Cantareira - Núcleo Engordador,1992.0,20913160,2091.316,20.91316,FUNDACAO PARA CONSERVACAO E PRODUCAO FLORESTAL DE SP,CRIACAO DO PARQUE: 1963,>100 ha
67699,0.018978,418,SAO PAULO,ARICANDUVA,VERDE 6,PARQUE LINEAR,MUNICIPAL,PARQUE,,IPIRANGUINHA,PARQUE IPIRANGUINHA,Parque,,Ipiranguinha,Parque Ipiranguinha,2007.0,18978,1.897803,0.018978,SECRETARIA DO VERDE E MEIO AMBIENTE (DGPU),,1-5 ha
67713,0.018215,269,SAO PAULO,SAO MATEUS,VERDE 6,PRACA,MUNICIPAL,PRACA,,MIGUEL RAMOS DE MOURA,PRACA MIGUEL RAMOS DE MOURA,Praça,,Miguel Ramos de Moura,Praça Miguel Ramos de Moura,,18214,1.821479,0.018215,,,1-5 ha
67727,0.01221,270,SAO PAULO,SAO MATEUS,VERDE 6,PRACA,MUNICIPAL,PRACA,,,PRACA,Praça,,,Praça,,12210,1.221046,0.01221,,,1-5 ha
67741,0.046173,271,SAO PAULO,CIDADE LIDER,VERDE 5,PRACA,MUNICIPAL,PRACA,,JOSE ENIO DA SILVEIRA,PRACA JOSE ENIO DA SILVEIRA,Praça,,Josê Ênio da Silveira,Praça Josê Ênio da Silveira,,46173,4.6173,0.046173,,,1-5 ha
67755,0.016131,272,SAO PAULO,VILA MATILDE,VERDE 6,PRACA,MUNICIPAL,PRACA,,,PRACA,Praça,,,Praça,,16131,1.613133,0.016131,,,1-5 ha
67770,0.009946,273,SAO PAULO,VILA MATILDE,VERDE 6,PRACA,MUNICIPAL,PRACA,,GOIANIA,PRACA GOIANIA,Praça,,Goiânia,Praça Goiânia,,9945,0.994576,0.009946,,,0.5-1 ha
67784,0.008984,417,SAO PAULO,CIDADE LIDER,VERDE 6,PARQUE URBANO,MUNICIPAL,PARQUE,,NAIR BELLO,PARQUE NAIR BELLO,Parque,,Nair Bello,Parque Nair Bello,2020.0,8984,0.898414,0.008984,SECRETARIA DO VERDE E MEIO AMBIENTE (DGPU),,0.5-1 ha
67798,0.010025,416,SAO PAULO,CIDADE LIDER,VERDE 6,PARQUE URBANO,MUNICIPAL,RESERVA,,SAVOY CITY,RESERVA SAVOY CITY,Reserva,,Savoy City,Reserva Savoy City,2012.0,10025,1.002529,0.010025,SECRETARIA DO VERDE E MEIO AMBIENTE (DGPU),,1-5 ha
67812,4.418156,274,SAO PAULO,PARQUE DO CARMO,VERDE 2,PNM,MUNICIPAL,PARQUE NATURAL,,FAZENDA DO CARMO,PARQUE NATURAL FAZENDA DO CARMO,Parque Natural,,Fazenda do Carmo,Parque Natural Fazenda do Carmo,2003.0,4418156,441.8156,4.418156,PREFEITURA MUNICIPAL (SVMA),,>100 ha
67827,0.029828,275,SAO PAULO,PARQUE DO CARMO,VERDE 5,PRACA,MUNICIPAL,PRACA,,INACIO DE TOLOSA,PRACA INACIO DE TOLOSA,Praça,,Inácio de Tolosa,Praça Inácio de Tolosa,,29828,2.982821,0.029828,,,1-5 ha
67841,0.014708,276,SAO PAULO,PARQUE DO CARMO,VERDE 6,PRACA,MUNICIPAL,PRACA,,JOSE PATROCINIO FREIRE,PRACA JOSE PATROCINIO FREIRE,Praça,,José Patrocínio Freire,Praça José Patrocínio Freire,,14707,1.470773,0.014708,,,1-5 ha
67855,0.015371,277,SAO PAULO,PARQUE DO CARMO,VERDE 6,PRACA,MUNICIPAL,PRACA,,,PRACA,Praça,,,Praça,,15371,1.537121,0.015371,,,1-5 ha
67870,0.020787,278,SAO PAULO,ARTUR ALVIM,VERDE 6,PRACA,MUNICIPAL,PRACA,,,PRACA,Praça,,,Praça,,20786,2.078666,0.020787,,COM ESCOLA E CHECHE,1-5 ha
67884,0.020638,279,SAO PAULO,CIDADE LIDER,VERDE 6,PRACA,MUNICIPAL,PRACA,,FRANCISCO DANIEL LOPES,PRACA FRANCISCO DANIEL LOPES,Praça,,Francisco Daniel Lopes,Praça Francisco Daniel Lopes,,20638,2.063819,0.020638,,,1-5 ha
67898,0.014846,280,SAO PAULO,ARTUR ALVIM,VERDE 6,PRACA,MUNICIPAL,PRACA,,DILVA GOMES MARTINS,PRACA DILVA GOMES MARTINS,Praça,,Dilva Gomes Martins,Praça Dilva Gomes Martins,,14845,1.484579,0.014846,,,1-5 ha
67912,0.02377,281,SAO PAULO,ARTUR ALVIM,VERDE 6,PRACA,MUNICIPAL,PRACA,,,PRACA,Praça,,,Praça,,23770,2.377037,0.02377,,,1-5 ha
67926,0.040419,282,SAO PAULO,ARTUR ALVIM,VERDE 5,PRACA,MUNICIPAL,PRACA,,,PRACA,Praça,,,Praça,,40419,4.041906,0.040419,,,1-5 ha
67940,0.023546,283,SAO PAULO,ITAQUERA,VERDE 6,PRACA,MUNICIPAL,PRACA,,,PRACA,Praça,,,Praça,,23546,2.354616,0.023546,,,1-5 ha
25521,0.230238,38,CARAPICUIBA,ALDEIA DE CARAPICUIBA,VERDE 3,PARQUE URBANO,MUNICIPAL,PARQUE CULTURAL E ECOLOGICO,DA,ALDEIA DE CARAPICUIBA,PARQUE CULTURAL E ECOLOGICO DA ALDEIA DE CARAPICUIBA,Parque Cultural e Ecológico,da,Aldeia de Carapicuíba,Parque Cultural e Ecológico da Aldeia de Carapicuíba,,230238,23.023811,0.230238,,,10-50 ha
25535,0.061327,39,CARAPICUIBA,VILA DIRCE,VERDE 4,PARQUE URBANO,MUNICIPAL,PARQUE,DO,PLANALTO,PARQUE DO PLANALTO,Parque,do,Planalto,Parque do Planalto,,61326,6.132671,0.061327,,,5-10 ha
25549,0.035021,427,OSASCO,OSASCO,VERDE 5,PARQUE URBANO,MUNICIPAL,PARQUE,,MANOEL MANZANO,PARQUE MANOEL MANZANO,Parque Municipal,,Manoel Manzano,Parque Municipal Manoel Manzano,2014.0,35021,3.50215,0.035021,,,1-5 ha
25563,0.129007,40,CARAPICUIBA,CARAPICUIBA,VERDE 4,PARQUE URBANO,MUNICIPAL,PARQUE,DOS,PATURIS,PARQUE DOS PATURIS,Parque,dos,Paturis,Parque dos Paturis,,129006,12.90065,0.129007,,,10-50 ha
25577,0.042563,41,OSASCO,OSASCO,VERDE 5,PARQUE URBANO,MUNICIPAL,PARQUE,,CIDADE DAS FLORES-CLOVIS ASSAF,PARQUE CIDADE DAS FLORES-CLOVIS ASSAF,Parque,,Cidade das Flores-Clóvis Assaf,Parque Cidade das Flores-Clóvis Assaf,,42562,4.256271,0.042563,,,1-5 ha
25591,0.13797,42,CARAPICUIBA,CARAPICUIBA,VERDE 4,PARES,ESTADUAL,PARQUE,,GABRIEL CHUCRE,PARES GABRIEL CHUCRE,Parque,,Gabriel Chucre,PARES Gabriel Chucre,2012.0,137969,13.796955,0.13797,SIMA - COORDENADORIA DE PARQUES E PARCERIAS,,10-50 ha
25606,0.124565,426,OSASCO,OSASCO,VERDE 4,PARQUE URBANO,MUNICIPAL,PARQUE ECOLOGICO,DO,JARDIM BONANCA,PARQUE ECOLOGICO DO JARDIM BONANCA,Parque Ecológico,do,Jardim Bonança,Parque Ecológico do Jardim Bonança,2016.0,124565,12.456518,0.124565,,PERIMETRO APROXIMADO,10-50 ha
25620,3.38929,43,SANTANA DE PARNAIBA,SANTANA DE PARNAIBA,VERDE 2,RESERVA FLORESTAL,MUNICIPAL,RESERVA BIOLOGICA,,TAMBORE,RESERVA BIOLOGICA TAMBORE,Reserva Biológica,,Tamboré,Reserva Biológica Tamboré,2005.0,3389290,338.929,3.38929,,,>100 ha
25637,0.01487,44,SAO PAULO,ANHANGUERA,VERDE 6,PRACA,MUNICIPAL,PRACA,,,PRACA,Praça,,,Praça,,14870,1.487033,0.01487,,COM ESCOLA,1-5 ha
25651,7.451925,411,SAO PAULO,ANHANGUERA,VERDE 2,REVIS,MUNICIPAL,REFUGIO DE VIDA SILVESTRE,,ANHANGUERA,REVIS ANHANGUERA,Refúgio de Vida Silvestre,,Anhanguera,REVIS Anhanguera,2020.0,7451933,745.19335,7.451934,PREFEITURA MUNICIPAL (SVMA),ANTERIORMENTE FAZIA PARTE DO PARQUE ANHANGUERA (1979),>100 ha
25667,0.116271,45,OSASCO,OSASCO,VERDE 4,PARQUE URBANO,MUNICIPAL,PARQUE,,CHICO MENDES,PARQUE CHICO MENDES,Parque,,Chico Mendes,Parque Chico Mendes,,116271,11.62715,0.116272,,,10-50 ha
25681,0.020383,46,SAO PAULO,RIO PEQUENO,VERDE 6,PRACA,MUNICIPAL,PRACA,,ZAFIRA VIEIRA LEITE,PRACA ZAFIRA VIEIRA LEITE,Praça,,Zafira Vieira Leite,Praça Zafira Vieira Leite,,20383,2.038306,0.020383,,,1-5 ha
25695,0.067694,47,SAO PAULO,RIO PEQUENO,VERDE 4,PRACA,MUNICIPAL,PRACA,,GERTA DANNEMBERG,PRACA GERTA DANNEMBERG,Praça,,Gerta Dannemberg,Praça Gerta Dannemberg,,67694,6.76943,0.067694,,,5-10 ha
25709,0.020412,48,OSASCO,OSASCO,VERDE 6,PRACA,MUNICIPAL,PRACA,,,PRACA,Praça,,,Praça,,20412,2.041209,0.020412,,,1-5 ha
25723,0.048429,49,OSASCO,OSASCO,VERDE 5,PRACA,MUNICIPAL,PRACA,,,PRACA,Praça,,,Praça,,48429,4.842944,0.048429,,,1-5 ha
25737,0.020754,50,SAO PAULO,RIO PEQUENO,VERDE 5,PRACA,MUNICIPAL,PRACA,,JOSE DO NASCIMENTO MACHADO,PRACA JOSE DO NASCIMENTO MACHADO,Praça,,José do Nascimento Machado,Praça José do Nascimento Machado,,20754,2.075409,0.020754,,,1-5 ha
25751,0.058744,51,SAO PAULO,RIO PEQUENO,VERDE 4,PRACA,MUNICIPAL,PRACA,,JOSEI TODA,PRACA JOSEI TODA,Praça,,Josei Toda,Praça Josei Toda,,58744,5.874412,0.058744,,,5-10 ha
25765,0.03337,52,SAO PAULO,RIO PEQUENO,VERDE 5,PRACA,MUNICIPAL,PRACA,,ADIB TOMAS RAZUK,PRACA ADIB TOMAS RAZUK,Praça,,Adib Tomás Razuk,Praça Adib Tomás Razuk,,33369,3.336984,0.03337,,,1-5 ha
25780,0.022836,53,SAO PAULO,RIO PEQUENO,VERDE 5,PRACA,MUNICIPAL,PRACA,,,PRACA,Praça,,,Praça,,22836,2.283641,0.022836,,,1-5 ha
25794,0.054304,54,OSASCO,OSASCO,VERDE 4,PARQUE URBANO,MUNICIPAL,PARQUE,,DIONISIO ALVES MATEOS,PARQUE DIONISIO ALVES MATEOS,Parque,,Dionísio Alves Mateos,Parque Dionísio Alves Mateos,,54303,5.430361,0.054304,,PERIMETRO APROXIMADO,5-10 ha
25808,0.074442,55,OSASCO,OSASCO,VERDE 4,PRACA,MUNICIPAL,PRACA,,CIDADE DE VIANA,PRACA CIDADE DE VIANA,Praça,,Cidade de Viana,Praça Cidade de Viana,,74442,7.444209,0.074442,,,5-10 ha
25822,0.014651,56,OSASCO,OSASCO,VERDE 6,PRACA,MUNICIPAL,PRACA,,,PRACA,Praça,,,Praça,,14651,1.465147,0.014651,,,1-5 ha
25836,0.170149,57,SAO PAULO,RAPOSO TAVARES,VERDE 3,PARQUE URBANO,MUNICIPAL,PARQUE,,RAPOSO TAVARES,PARQUE RAPOSO TAVARES,Parque,,Raposo Tavares,Parque Raposo Tavares,1981.0,170149,17.014914,0.170149,SECRETARIA DO VERDE E MEIO AMBIENTE (DGPU),,10-50 ha
25850,0.033578,379,SAO PAULO,RIO PEQUENO,VERDE 6,PARQUE LINEAR,MUNICIPAL,PARQUE,,SAPE,PARQUE SAPE,Parque,,Sapé,Parque Sapé,2008.0,33577,3.357781,0.033578,SECRETARIA DO VERDE E MEIO AMBIENTE (DGPU),,1-5 ha
25864,0.01882,58,SAO PAULO,BUTANTA,VERDE 6,PRACA,MUNICIPAL,PRACA,,JOAO BATISTA TRAMONTANO,PRACA JOAO BATISTA TRAMONTANO,Praça,,João Batista Tramontano,Praça João Batista Tramontano,,18819,1.88198,0.01882,,,1-5 ha
25878,0.029529,59,SAO PAULO,BUTANTA,VERDE 5,PARQUE URBANO,MUNICIPAL,PARQUE,,LUIS CARLOS PRESTES,PARQUE LUIS CARLOS PRESTES,Parque,,Luís Carlos Prestes,Parque Luís Carlos Prestes,1990.0,29528,2.952884,0.029529,SECRETARIA DO VERDE E MEIO AMBIENTE (DGPU),,1-5 ha
25893,0.049925,60,SAO PAULO,RIO PEQUENO,VERDE 5,PARQUE URBANO,MUNICIPAL,PARQUE,,COLINA DE SAO FRANCISCO,PARQUE COLINA DE SAO FRANCISCO,Parque,,Colina de São Francisco,Parque Colina de São Francisco,2007.0,49924,4.992482,0.049925,SECRETARIA DO VERDE E MEIO AMBIENTE (DGPU),,1-5 ha
25907,0.016171,61,SAO PAULO,RIO PEQUENO,VERDE 6,PRACA,MUNICIPAL,PRACA,,DES PAULO BARBOSA DE CAMPOS FILHO,PRACA DES PAULO BARBOSA DE CAMPOS FILHO,Praça,,Des Paulo Barbosa de Campos Filho,Praça Des Paulo Barbosa de Campos Filho,,16171,1.617129,0.016171,,,1-5 ha
25921,0.013384,62,SAO PAULO,RIO PEQUENO,VERDE 6,PRACA,MUNICIPAL,PRACA,,CESAR WASHINGTON ALVES DE PROENCA,PRACA CESAR WASHINGTON ALVES DE PROENCA,Praça,,César Washington Alves de Proença,Praça César Washington Alves de Proença,,13384,1.338422,0.013384,,,1-5 ha
25935,0.012385,63,SAO PAULO,JAGUARE,VERDE 6,PRACA,MUNICIPAL,PRACA,,GENERAL PORTO CARREIRO,PRACA GENERAL PORTO CARREIRO,Praça,,General Porto Carreiro,Praça General Porto Carreiro,,12384,1.238454,0.012385,,,1-5 ha
25949,0.013066,460,SAO PAULO,JAGUARE,VERDE 6,PRACA,MUNICIPAL,PRACA,,,PRACA,Praça,,,Praça,,13066,1.306621,0.013066,,,1-5 ha
25963,0.155399,64,SAO PAULO,ALTO DE PINHEIROS,VERDE 3,PARES,ESTADUAL,PARQUE,,CANDIDO PORTINARI,PARES CANDIDO PORTINARI,Parque,,Cândido Portinari,PARES Cândido Portinari,2013.0,155398,15.539875,0.155399,SIMA - COORDENADORIA DE PARQUES E PARCERIAS,,10-50 ha
28498,0.047724,65,OSASCO,OSASCO,VERDE 5,PRACA,MUNICIPAL,PRACA,,,PRACA,Praça,,,Praça,,47724,4.772441,0.047724,,COM ESCOLA,1-5 ha
28512,0.023412,66,OSASCO,OSASCO,VERDE 6,PARQUE URBANO,MUNICIPAL,PARQUE,,NELSON VILHA DIAS,PARQUE NELSON VILHA DIAS,Parque,,Nelson Vilha Dias,Parque Nelson Vilha Dias,,23412,2.341217,0.023412,,,1-5 ha
28527,4.69996,67,SAO PAULO,JARAGUA,VERDE 2,PARES,ESTADUAL,PARQUE ESTADUAL,DO,JARAGUA,PARES JARAGUA,Parque Estadual,do,Jaraguá,PARES Jaraguá,1961.0,4705702,470.5702,4.705702,,,>100 ha
28541,0.107979,68,SAO PAULO,JAGUARA,VERDE 4,PARQUE URBANO,MUNICIPAL,PARQUE,,VILA DOS REMEDIOS,PARQUE VILA DOS REMEDIOS,Parque,,Vila dos Remédios,Parque Vila dos Remédios,1979.0,107979,10.797903,0.107979,SECRETARIA DO VERDE E MEIO AMBIENTE (DGPU),,10-50 ha
28555,0.025745,69,SAO PAULO,SAO DOMINGOS,VERDE 5,RPPN,MUNICIPAL,RESERVA PARTICULAR DO PATRIMONIO NATURAL,,MUTINGA,RPPN MUTINGA,Reserva Particular do Patrimônio Natural,,Mutinga,RPPN Mutinga,2011.0,25744,2.574477,0.025745,PREFEITURA MUNICIPAL (SVMA),,1-5 ha
28569,0.06724,70,SAO PAULO,VILA LEOPOLDINA,VERDE 4,PARQUE URBANO,MUNICIPAL,PARQUE,,LEOPOLDINA-VILLAS BOAS (FASE 1),PARQUE LEOPOLDINA-VILLAS BOAS (FASE 1),Parque,,Leopoldina-Villas Boas (Fase 1),Parque Leopoldina-Villas Boas (Fase 1),2010.0,67239,6.723956,0.06724,SECRETARIA DO VERDE E MEIO AMBIENTE (DGPU),,5-10 ha
28583,0.081181,71,SAO PAULO,SAO DOMINGOS,VERDE 4,PARQUE URBANO,MUNICIPAL,PARQUE,,SAO DOMINGOS,PARQUE SAO DOMINGOS,Parque,,São Domingos,Parque São Domingos,1982.0,81180,8.118076,0.081181,SECRETARIA DO VERDE E MEIO AMBIENTE (DGPU),,5-10 ha
28597,0.018073,72,SAO PAULO,SAO DOMINGOS,VERDE 6,PRACA,MUNICIPAL,PRACA,,NERSON PARREIRAS GAMA,PRACA NERSON PARREIRAS GAMA,Praça,,Nerson Parreiras Gama,Praça Nerson Parreiras Gama,,18072,1.807281,0.018073,,,1-5 ha
28611,0.015668,73,SAO PAULO,SAO DOMINGOS,VERDE 6,PRACA,MUNICIPAL,PRACA,,,PRACA,Praça,,,Praça,,15668,1.566846,0.015668,,,1-5 ha
28625,0.046569,74,SAO PAULO,JARAGUA,VERDE 5,PRACA,MUNICIPAL,PRACA,,,PRACA,Praça,,,Praça,,46568,4.656888,0.046569,,,1-5 ha
28640,0.018156,75,SAO PAULO,PIRITUBA,VERDE 6,PRACA,MUNICIPAL,PRACA,,,PRACA,Praça,,,Praça,,18155,1.815592,0.018156,,,1-5 ha
28654,0.035518,76,SAO PAULO,PIRITUBA,VERDE 5,PARQUE URBANO,MUNICIPAL,PARQUE,,JACINTO ALBERTO,PARQUE JACINTO ALBERTO,Parque,,Jacinto Alberto,Parque Jacinto Alberto,2007.0,35518,3.551827,0.035518,SECRETARIA DO VERDE E MEIO AMBIENTE (DGPU),,1-5 ha
28668,0.015418,77,SAO PAULO,PIRITUBA,VERDE 6,PRACA,MUNICIPAL,PRACA,,,PRACA,Praça,,,Praça,,15418,1.541824,0.015418,,,1-5 ha
28682,0.106481,78,SAO PAULO,BUTANTA,VERDE 4,PARQUE URBANO,MUNICIPAL,PARQUE,DA,PREVIDENCIA,PARQUE DA PREVIDENCIA,Parque,da,Previdência,Parque da Previdência,1979.0,106480,10.648064,0.106481,SECRETARIA DO VERDE E MEIO AMBIENTE (DGPU),,10-50 ha
28696,0.034828,79,SAO PAULO,MORUMBI,VERDE 5,PRACA,MUNICIPAL,PRACA,,MONSENHOR GALVAO DE SOUSA,PRACA MONSENHOR GALVAO DE SOUSA,Praça,,Monsenhor Galvão de Sousa,Praça Monsenhor Galvão de Sousa,,34828,3.482821,0.034828,,,1-5 ha
28710,0.133118,80,SAO PAULO,MORUMBI,VERDE 4,PARQUE URBANO,MUNICIPAL,PARQUE,,ALFREDO VOLPI,PARQUE ALFREDO VOLPI,Parque,,Alfredo Volpi,Parque Alfredo Volpi,1971.0,133118,13.311828,0.133118,SECRETARIA DO VERDE E MEIO AMBIENTE (DGPU),,10-50 ha
28724,0.01502,81,SAO PAULO,BUTANTA,VERDE 6,PRACA,MUNICIPAL,PRACA,,MONTEIRO LOBATO,PRACA MONTEIRO LOBATO,Praça,,Monteiro Lobato,Praça Monteiro Lobato,,15020,1.502024,0.01502,,,1-5 ha
28738,0.014092,82,SAO PAULO,PINHEIROS,VERDE 6,PARQUE URBANO,PRIVADA,PARQUE,,VICTOR CIVITA,PARQUE VICTOR CIVITA,Praça,,Victor Civita,Praça Victor Civita,2008.0,14092,1.409218,0.014092,,ANTIGO INCINERADOR,1-5 ha
28753,0.015754,83,SAO PAULO,PINHEIROS,VERDE 6,PRACA,MUNICIPAL,LARGO,DA,BATATA,LARGO DA BATATA,Largo,da,Batata,Largo da Batata,,15754,1.575436,0.015754,,,1-5 ha
28767,0.684542,84,SAO PAULO,ALTO DE PINHEIROS,VERDE 2,PARES,ESTADUAL,PARQUE,,VILLA LOBOS,PARES VILLA LOBOS,Parque,,Villa Lobos,PARES Villa Lobos,1995.0,684541,68.454175,0.684542,SIMA - COORDENADORIA DE PARQUES E PARCERIAS,,50-100 ha
28782,0.032342,85,SAO PAULO,ALTO DE PINHEIROS,VERDE 5,PRACA,MUNICIPAL,PRACA,,JOSE MARIA ARBEX,PRACA JOSE MARIA ARBEX,Praça,,José Maria Arbex,Praça José Maria Arbex,,32342,3.23422,0.032342,,,1-5 ha
28796,0.015653,86,SAO PAULO,ALTO DE PINHEIROS,VERDE 6,PRACA,MUNICIPAL,PRACA,,CONDE DE BARCELOS,PRACA CONDE DE BARCELOS,Praça,,Conde de Barcelos,Praça Conde de Barcelos,,15653,1.565319,0.015653,,,1-5 ha
28810,0.015479,87,SAO PAULO,ALTO DE PINHEIROS,VERDE 6,PRACA,MUNICIPAL,PRACA,,AMUNDSEN,PRACA AMUNDSEN,Praça,,Amundsen,Praça Amundsen,,15479,1.547942,0.015479,,,1-5 ha
28824,0.019402,88,SAO PAULO,ALTO DE PINHEIROS,VERDE 6,PRACA,MUNICIPAL,PRACA,,BARAO PINTO LIMA,PRACA BARAO PINTO LIMA,Praça,,Barão Pinto Lima,Praça Barão Pinto Lima,,19402,1.940247,0.019402,,,1-5 ha
28838,0.014735,89,SAO PAULO,ALTO DE PINHEIROS,VERDE 6,PRACA,MUNICIPAL,PRACA,,PROVINCIA DE SAITAMA,PRACA PROVINCIA DE SAITAMA,Praça,,Província de Saitama,Praça Província de Saitama,,14735,1.473515,0.014735,,,1-5 ha
28853,0.038626,90,SAO PAULO,ALTO DE PINHEIROS,VERDE 5,PRACA,MUNICIPAL,PRACA,,VALDIR AZEVEDO,PRACA VALDIR AZEVEDO,Praça,,Valdir Azevedo,Praça Valdir Azevedo,,38625,3.862556,0.038626,,,1-5 ha
28867,0.024604,91,SAO PAULO,ALTO DE PINHEIROS,VERDE 5,PRACA,MUNICIPAL,PRACA,,PANAMERICANA,PRACA PANAMERICANA,Praça,,Panamericana,Praça Panamericana,,24604,2.460401,0.024604,,,1-5 ha
28881,0.016967,92,SAO PAULO,ALTO DE PINHEIROS,VERDE 6,PRACA,MUNICIPAL,PRACA,,SILVEIRA SANTOS,PRACA SILVEIRA SANTOS,Praça,,Silveira Santos,Praça Silveira Santos,,16967,1.696718,0.016967,,,1-5 ha
28895,0.034003,93,SAO PAULO,ALTO DE PINHEIROS,VERDE 5,PRACA,MUNICIPAL,PRACA,,POR DO SOL - CEL CUSTODIO FERNANDES PINHEIRO,PRACA POR DO SOL - CEL CUSTODIO FERNANDES PINHEIRO,Praça,,Por do Sol-Coronel Custódio Fernandes Pinheiro,Praça Por do Sol-Coronel Custódio Fernandes Pinheiro,,34003,3.400315,0.034003,,,1-5 ha
28909,0.020362,94,SAO PAULO,ALTO DE PINHEIROS,VERDE 6,PRACA,MUNICIPAL,PRACA,,DOLORES IBARRURI,PRACA DOLORES IBARRURI,Praça,,Dolores Ibarruri,Praça Dolores Ibarruri,,20362,2.036224,0.020362,,,1-5 ha
28923,0.014409,95,SAO PAULO,LAPA,VERDE 6,PRACA,MUNICIPAL,PRACA,,DOUTOR OTAVIO PEREZ VELASCO,PRACA DOUTOR OTAVIO PEREZ VELASCO,Praça,,Doutor Otávio Perez Velasco,Praça Doutor Otávio Perez Velasco,,14409,1.440932,0.014409,,,1-5 ha
28937,0.017054,96,SAO PAULO,ALTO DE PINHEIROS,VERDE 6,PRACA,MUNICIPAL,PRACA,,CARLOS M BRISOLA-FRANCOIS BELANGER,PRACA CARLOS M BRISOLA-FRANCOIS BELANGER,Praça,,Carlos M Brisola-François Belanger,Praça Carlos M Brisola-François Belanger,,17054,1.705404,0.017054,,,1-5 ha
31726,0.01529,97,SAO PAULO,LAPA,VERDE 6,PRACA,MUNICIPAL,PRACA,,AMADEU DECOME,PRACA AMADEU DECOME,Praça,,Amadeu Decome,Praça Amadeu Decome,,15290,1.529017,0.01529,,,1-5 ha
31740,0.114455,98,SAO PAULO,ITAIM BIBI,VERDE 4,PARQUE URBANO,MUNICIPAL,PARQUE,DO,POVO,PARQUE DO POVO,Parque,do,Povo,Parque do Povo,2008.0,114454,11.445485,0.114455,SECRETARIA DO VERDE E MEIO AMBIENTE (DGPU),,10-50 ha
31754,0.009763,99,SAO PAULO,PINHEIROS,VERDE 6,PRACA,MUNICIPAL,PRACA,,,PRACA,Praça,,,Praça,,9763,0.976342,0.009763,,CONTIGUA AO LARGO DA BATATA,0.5-1 ha
31768,0.015329,100,SAO PAULO,PINHEIROS,VERDE 6,PRACA,MUNICIPAL,PRACA,,JOSE CARLOS BURLE,PRACA JOSE CARLOS BURLE,Praça,,José Carlos Burle,Praça José Carlos Burle,,15328,1.532851,0.015329,,,1-5 ha
31783,0.018614,101,SAO PAULO,PINHEIROS,VERDE 6,PRACA,MUNICIPAL,PRACA,,RAFAEL SAPIENZA-FERNANDO DE OLIVEIRA,PRACA RAFAEL SAPIENZA-FERNANDO DE OLIVEIRA,Praça,,Rafael Sapienza-Fernando de Oliveira,Praça Rafael Sapienza-Fernando de Oliveira,,18613,1.861384,0.018614,,,1-5 ha
31797,0.014487,102,SAO PAULO,PINHEIROS,VERDE 6,PRACA,MUNICIPAL,PRACA,,HORACIO SABINO,PRACA HORACIO SABINO,Praça,,Horácio Sabino,Praça Horácio Sabino,,14487,1.448718,0.014487,,,1-5 ha
31811,0.015044,103,SAO PAULO,LAPA,VERDE 6,PRACA,MUNICIPAL,PRACA,,DIOGO DO AMARAL,PRACA DIOGO DO AMARAL,Praça,,Diogo do Amaral,Praça Diogo do Amaral,,15044,1.504412,0.015044,,,1-5 ha
31825,0.149365,104,SAO PAULO,BARRA FUNDA,VERDE 3,PARES,ESTADUAL,PARQUE,,FERNANDO COSTA,PARES FERNANDO COSTA,Parque,,Fernando Costa,PARES Fernando Costa,1929.0,149365,14.936522,0.149365,SIMA - COORDENADORIA DE PARQUES E PARCERIAS,NOME POPULAR: PARQUE DA AGUA BRANCA,10-50 ha
31839,0.023936,105,SAO PAULO,LAPA,VERDE 5,PRACA,MUNICIPAL,PRACA,,SENADOR JOSE ROBERTO LEITE PENTEADO,PRACA SENADOR JOSE ROBERTO LEITE PENTEADO,Praça,,Senador José Roberto Leito Penteado,Praça Senador José Roberto Leito Penteado,,23936,2.393649,0.023936,,,1-5 ha
31853,0.02155,106,SAO PAULO,LAPA,VERDE 6,PRACA,MUNICIPAL,PRACA,,ALVARES DE AZEVEDO,PRACA ALVARES DE AZEVEDO,Praça,,Álvares de Azevedo,Praça Álvares de Azevedo,,21549,2.15495,0.02155,,,1-5 ha
31867,0.116738,107,SAO PAULO,SAO DOMINGOS,VERDE 4,PARQUE URBANO,MUNICIPAL,PARQUE,,CIDADE DE TORONTO,PARQUE CIDADE DE TORONTO,Parque,,Cidade de Toronto,Parque Cidade de Toronto,1992.0,116737,11.673787,0.116738,SECRETARIA DO VERDE E MEIO AMBIENTE (DGPU),,10-50 ha
31881,0.015151,446,SAO PAULO,PIRITUBA,VERDE 6,PRACA,MUNICIPAL,PRACA,,GRANDE RESERVA PAULISTA,PRACA GRANDE RESERVA PAULISTA,Praça,,Grande Reserva Paulista,Praça Grande Reserva Paulista,,15150,1.515071,0.015151,,,1-5 ha
31896,0.030385,109,SAO PAULO,LAPA,VERDE 5,PRACA,MUNICIPAL,PRACA,,MARECHAL CARLOS M BITENCOURT - AURELIANO LEITE,PRACA MARECHAL CARLOS M BITENCOURT - AURELIANO LEITE,Praça,,Marechal Carlos M Bitencourt-Arueliano Leite,Praça Marechal Carlos M Bitencourt-Arueliano Leite,,30385,3.038545,0.030385,,,1-5 ha
31910,0.049087,108,SAO PAULO,PIRITUBA,VERDE 5,PARQUE URBANO,MUNICIPAL,PARQUE,,JARDIM DA FELICIDADE,PARQUE JARDIM DA FELICIDADE,Parque,,Jardim da Felicidade,Parque Jardim da Felicidade,1990.0,49087,4.908724,0.049087,SECRETARIA DO VERDE E MEIO AMBIENTE (DGPU),,1-5 ha
31924,0.042415,110,SAO PAULO,PIRITUBA,VERDE 5,PARQUE URBANO,MUNICIPAL,PARQUE,,RODRIGO DE GASPERI,PARQUE RODRIGO DE GASPERI,Parque,,Rodrigo de Gasperi,Parque Rodrigo de Gasperi,1982.0,42415,4.241513,0.042415,SECRETARIA DO VERDE E MEIO AMBIENTE (DGPU),,1-5 ha
31938,0.01806,111,SAO PAULO,PIRITUBA,VERDE 6,PRACA,MUNICIPAL,PRACA,,,PRACA,Praça,,,Praça,,18060,1.806007,0.01806,,,1-5 ha
31952,0.04384,112,SAO PAULO,BARRA FUNDA,VERDE 5,PARQUE URBANO,MUNICIPAL,PARQUE,,JARDIM DAS PERDIZES,PARQUE JARDIM DAS PERDIZES,Parque,,Jardim das Perdizes,Parque Jardim das Perdizes,2013.0,43839,4.383959,0.04384,SECRETARIA DO VERDE E MEIO AMBIENTE (DGPU),,1-5 ha
31966,0.01781,113,SAO PAULO,FREGUESIA DO O,VERDE 6,PRACA,MUNICIPAL,PRACA,,FLAVIO RANGEL,PRACA FLAVIO RANGEL,Praça,,Flávio Rangel,Praça Flávio Rangel,,17810,1.781023,0.01781,,,1-5 ha
31980,0.027192,114,SAO PAULO,FREGUESIA DO O,VERDE 5,PRACA,MUNICIPAL,PRACA,,,PRACA,Praça,,,Praça,,27191,2.719152,0.027192,,,1-5 ha
31994,0.022173,115,SAO PAULO,CACHOEIRINHA,VERDE 6,PRACA,MUNICIPAL,PRACA,,,PRACA,Praça,,,Praça,,22173,2.217321,0.022173,,COM SAMU,1-5 ha
32009,1.819433,410,SAO PAULO,ANHANGUERA,VERDE 2,PARQUE URBANO,MUNICIPAL,PARQUE,,ANHANGUERA,PARQUE ANHANGUERA,Parque,,Anhanguera,Parque Anhanguera,1979.0,1819420,181.942013,1.81942,SECRETARIA DO VERDE E MEIO AMBIENTE (DGPU),,>100 ha
32024,0.018529,116,SAO PAULO,JARAGUA,VERDE 6,PARQUE URBANO,MUNICIPAL,PARQUE,,SENHOR DO VALE,PARQUE SENHOR DO VALE,Parque,,Senhor do Vale,Parque Senhor do Vale,,18528,1.852854,0.018529,SECRETARIA DO VERDE E MEIO AMBIENTE (DGPU),,1-5 ha
32038,0.303039,117,SAO PAULO,JARAGUA,VERDE 3,PARQUE URBANO,MUNICIPAL,PARQUE,,PINHEIRINHO D AGUA,PARQUE PINHEIRINHO D AGUA,Parque,,Pinheirinho d'Água,Parque Pinheirinho d'Água,2009.0,303038,30.303856,0.303039,SECRETARIA DO VERDE E MEIO AMBIENTE (DGPU),,10-50 ha
32053,0.022581,118,SAO PAULO,JARAGUA,VERDE 6,PARQUE LINEAR,MUNICIPAL,PARQUE,DO,FOGO,PARQUE DO FOGO,Parque,do,Fogo,Parque do Fogo,2008.0,22580,2.25808,0.022581,SECRETARIA DO VERDE E MEIO AMBIENTE (DGPU),,1-5 ha
32067,0.018683,119,SAO PAULO,PERUS,VERDE 6,PRACA,MUNICIPAL,PRACA,,,PRACA,Praça,,,Praça,,18682,1.868289,0.018683,,,1-5 ha
32081,0.014503,120,SAO PAULO,PERUS,VERDE 6,PRACA,MUNICIPAL,PRACA,,VIGARIO JOAO GONCALVES DE LIMA,PRACA VIGARIO JOAO GONCALVES DE LIMA,Praça,,Vigário João Gonçalves de Lima,Praça Vigário João Gonçalves de Lima,,14503,1.450319,0.014503,,,1-5 ha
32096,0.025618,121,SAO PAULO,PERUS,VERDE 5,PRACA,MUNICIPAL,PRACA,,,PRACA,Praça,,,Praça,,25617,2.561775,0.025618,,,1-5 ha
32110,0.016218,122,SAO PAULO,PERUS,VERDE 6,PRACA,MUNICIPAL,PRACA,,,PRACA,Praça,,,Praça,,16218,1.621842,0.016218,,,1-5 ha
32124,0.035526,459,SAO PAULO,BRASILANDIA,VERDE 6,PARQUE LINEAR,MUNICIPAL,PARQUE,,BANANAL CANIVETE,PARQUE BANANAL CANIVETE,Parque,,Bananal-Canivete,Parque Bananal-Canivete,2010.0,35525,3.552592,0.035526,SECRETARIA DO VERDE E MEIO AMBIENTE (DGPU),,1-5 ha
32138,0.037783,123,SAO PAULO,CACHOEIRINHA,VERDE 5,PRACA,MUNICIPAL,PRACA,,OTAVIO CAVALCANTI LACOMBE,PRACA OTAVIO CAVALCANTI LACOMBE,Praça,,Otávio Cavalcanti Lacombe,Praça Otávio Cavalcanti Lacombe,,37783,3.778323,0.037783,,,1-5 ha
32152,0.015773,124,SAO PAULO,CACHOEIRINHA,VERDE 6,PRACA,MUNICIPAL,PRACA,,,PRACA,Praça,,,Praça,,15773,1.577302,0.015773,,,1-5 ha
32166,0.014852,125,SAO PAULO,CACHOEIRINHA,VERDE 6,PRACA,MUNICIPAL,PRACA,,,PRACA,Praça,,,Praça,,14851,1.485168,0.014852,,,1-5 ha
76493,0.016816,310,GUARULHOS,GUARULHOS,VERDE 6,PRACA,MUNICIPAL,PRACA,,FRANCISCO M POMPEO,PRACA FRANCISCO M POMPEO,Praça,,Francisco M Pompeo,Praça Francisco M Pompeo,,16815,1.681596,0.016816,,,1-5 ha
76507,0.031659,311,GUARULHOS,GUARULHOS,VERDE 5,PRACA,MUNICIPAL,PRACA,,MAMONAS ASSASSINAS,PRACA MAMONAS ASSASSINAS,Praça,,Mamonas Assassinas,Praça Mamonas Assassinas,,31659,3.16592,0.031659,,,1-5 ha
76521,0.021073,312,GUARULHOS,GUARULHOS,VERDE 6,PARQUE URBANO,MUNICIPAL,PARQUE,,JOSE DE ALENCAR,PARQUE JOSE DE ALENCAR,Parque,,José de Alencar,Parque José de Alencar,,21073,2.107322,0.021073,,,1-5 ha
76535,0.068081,313,GUARULHOS,GUARULHOS,VERDE 4,PARQUE URBANO,MUNICIPAL,PARQUE,DO,JARDIM ADRIANA,PARQUE DO JARDIM ADRIANA,Parque,do,Jardim Adriana,Parque do Jardim Adriana,,68080,6.808088,0.068081,,,5-10 ha
76549,0.049753,314,GUARULHOS,GUARULHOS,VERDE 5,PARQUE URBANO,MUNICIPAL,PARQUE,,VILANOVA ARTIGAS,PARQUE VILANOVA ARTIGAS,Parque,,Vilanova Artigas,Parque Vilanova Artigas,,49752,4.975281,0.049753,,,1-5 ha
76564,0.023167,471,GUARULHOS,GUARULHOS,VERDE 6,PARQUE URBANO,FEDERAL,BOSQUE,DO,AEROPORTO,BOSQUE DO AEROPORTO,Bosque,do,Aeroporto,Bosque do Aeroporto,,23166,2.316673,0.023167,,,1-5 ha
76582,26.511854,316,GUARULHOS,GUARULHOS,VERDE 1,PARES,ESTADUAL,PARQUE ESTADUAL,DA,CANTAREIRA - NUCLEO CABUCU,PARES CANTAREIRA - NUCLEO CABUCU,Parque Estadual,da,Cantareira - Núcleo Cabuçu,PARES Cantareira - Núcleo Cabuçu,2008.0,26511854,2651.1854,26.511854,FUNDACAO PARA CONSERVACAO E PRODUCAO FLORESTAL DE SP,CRIACAO DO PARQUE: 1963,>100 ha
76597,0.035053,317,GUARULHOS,JARDIM PRESIDENTE DUTRA,VERDE 5,PARQUE URBANO,MUNICIPAL,PARQUE,,CHICO MENDES,PARQUE CHICO MENDES,Parque,,Chico Mendes,Parque Chico Mendes,,35053,3.50534,0.035053,,,1-5 ha
76612,0.035663,467,GUARULHOS,GUARULHOS,VERDE 5,PRACA,MUNICIPAL,PRACA,,,PRACA,Praça,,,Praça,,35662,3.56629,0.035663,,,1-5 ha
76626,103.704928,356,MAIRIPORA,,VERDE 1,PARES,ESTADUAL,PARQUE,,ITAPETINGA,PARES ITAPETINGA,Parque Estadual,,Itapetinga,PARES Itapetinga,2010.0,103704864,10370.4864,103.704864,FUNDACAO PARA CONSERVACAO E PRODUCAO FLORESTAL DE SP,,>100 ha
76642,32.934509,450,BOM JESUS DOS PERDOES,,VERDE 1,MONA,ESTADUAL,MONUMENTO NATURAL,DA,PEDRA GRANDE,MONA PEDRA GRANDE,Monumento Natural,da,Pedra Grande,MONA Pedra Grande,2010.0,32934446,3293.4446,32.934446,FUNDACAO PARA CONSERVACAO E PRODUCAO FLORESTAL DE SP,,>100 ha
76661,0.01534,318,FERRAZ DE VASCONCELOS,FERRAZ DE VASCONCELOS,VERDE 6,PRACA,MUNICIPAL,CENTRO,DE,CONVENCOES,CENTRO DE CONVENCOES,Centro,de,Convenções,Centro de Convenções,,15340,1.534046,0.01534,,,1-5 ha
76675,0.051968,319,FERRAZ DE VASCONCELOS,FERRAZ DE VASCONCELOS,VERDE 4,PARQUE URBANO,MUNICIPAL,PARQUE MUNICIPAL,,NOSSO RECANTO,PARQUE MUNICIPAL NOSSO RECANTO,Parque Municipal,,Nosso Recanto,Parque Municipal Nosso Recanto,,51967,5.196789,0.051968,,,5-10 ha
76689,0.035328,320,SAO PAULO,VILA CURUCA,VERDE 5,PARQUE URBANO,MUNICIPAL,PARQUE,,CHACARA DAS FLORES,PARQUE CHACARA DAS FLORES,Parque,,Chácara das Flores,Parque Chácara das Flores,2002.0,35327,3.532773,0.035328,SECRETARIA DO VERDE E MEIO AMBIENTE (DGPU),,1-5 ha
76703,0.029317,414,SAO PAULO,ITAIM PAULISTA,VERDE 5,PARQUE URBANO,MUNICIPAL,PARQUE,,CENTRAL DO ITAIM PAULISTA,PARQUE CENTRAL DO ITAIM PAULISTA,Parque,,Central do Itaim Paulista,Parque Central do Itaim Paulista,2013.0,29316,2.931698,0.029317,SECRETARIA DO VERDE E MEIO AMBIENTE (DGPU),PERIMETRO APROXIMADO,1-5 ha
76717,0.022773,457,SAO PAULO,ITAIM PAULISTA,VERDE 6,PARQUE LINEAR,MUNICIPAL,PARQUE,,ITAIM PAULISTA,PARQUE ITAIM PAULISTA,Parque,,Itaim Paulista,Parque Itaim Paulista,2009.0,22773,2.277338,0.022773,SECRETARIA DO VERDE E MEIO AMBIENTE (DGPU),,1-5 ha
76731,0.070764,456,SAO PAULO,ITAIM PAULISTA,VERDE 4,PARQUE URBANO,MUNICIPAL,PARQUE,DAS,AGUAS,PARQUE DAS AGUAS,Parque,das,Águas,Parque das Águas,2004.0,70763,7.07638,0.070764,SECRETARIA DO VERDE E MEIO AMBIENTE (DGPU),,5-10 ha
76750,0.030951,322,SAO PAULO,ITAIM PAULISTA,VERDE 5,PARQUE URBANO,MUNICIPAL,PARQUE,,SANTA AMELIA,PARQUE SANTA AMELIA,Parque,,Santa Amélia,Parque Santa Amélia,1992.0,30951,3.09512,0.030951,SECRETARIA DO VERDE E MEIO AMBIENTE (DGPU),,1-5 ha
76764,0.022966,323,SAO PAULO,ITAIM PAULISTA,VERDE 6,PRACA,MUNICIPAL,PRACA,,BERTELIM JESUS MOREIRA,PRACA BERTELIM JESUS MOREIRA,Praça,,Bertelim Jesus Moreira,Praça Bertelim Jesus Moreira,,22965,2.296586,0.022966,,COM ESCOLA E CLUBE ESPORTIVO,1-5 ha
76778,0.014168,324,POA,POA,VERDE 6,PRACA,MUNICIPAL,PRACA,,JOSE GUIDA,PRACA JOSE GUIDA,Praça,,José Guida,Praça José Guida,,14168,1.416849,0.014168,,,1-5 ha
76792,0.029144,325,POA,POA,VERDE 5,PRACA,MUNICIPAL,PRACA,DOS,EVENTOS,PRACA DOS EVENTOS,Praça,dos,Eventos,Praça dos Eventos,,29143,2.914361,0.029144,,,1-5 ha
76806,0.213907,326,ITAQUAQUECETUBA,ITAQUAQUECETUBA,VERDE 3,PARQUE URBANO,MUNICIPAL,PARQUE ECOLOGICO,,MUNICIPAL,PARQUE ECOLOGICO MUNICIPAL,Parque Ecológico,,Municipal,Parque Ecológico Municipal,,213907,21.390744,0.213907,,,10-50 ha
76821,0.395751,327,SUZANO,SUZANO,VERDE 3,PARQUE URBANO,MUNICIPAL,PARQUE,,MAX FEFFER,PARQUE MAX FEFFER,Parque,,Max Feffer,Parque Max Feffer,,395750,39.575094,0.395751,,,10-50 ha
76835,0.02728,328,SUZANO,SUZANO,VERDE 5,PRACA,MUNICIPAL,PRACA,,CIDADE DAS FLORES,PRACA CIDADE DAS FLORES,Praça,,Cidade das Flores,Praça Cidade das Flores,,27279,2.727951,0.02728,,PACO MUNICIPAL,1-5 ha
76849,0.318062,329,MOGI DAS CRUZES,BRAS CUBAS,VERDE 3,PARQUE URBANO,MUNICIPAL,PARQUE,,LEON FEFFER,PARQUE LEON FEFFER,Parque,,Leon Feffer,Parque Leon Feffer,2004.0,318062,31.806203,0.318062,,,10-50 ha
76863,0.866686,330,MOGI DAS CRUZES,MOGI DAS CRUZES,VERDE 2,ESEC,ESTADUAL,ESTACAO ECOLOGICA,DE,ITAPETI,ESEC ITAPETI,Estação Ecológica,de,Itapeti,ESEC Itapeti,1987.0,866686,86.668638,0.866686,,,50-100 ha
76877,0.08678,337,MOGI DAS CRUZES,MOGI DAS CRUZES,VERDE 4,PARQUE URBANO,MUNICIPAL,PARQUE,DA,CIDADE,PARQUE DA CIDADE,Parque,da,Cidade,Parque da Cidade,2016.0,86780,8.678039,0.08678,,,5-10 ha
76891,0.023917,331,MOGI DAS CRUZES,MOGI DAS CRUZES,VERDE 6,PARQUE URBANO,MUNICIPAL,ILHA,,MARAJO,ILHA MARAJO,Ilha,,Marajó,Ilha Marajó,,23916,2.391661,0.023917,,,1-5 ha
76905,0.025833,336,MOGI DAS CRUZES,MOGI DAS CRUZES,VERDE 6,PARQUE URBANO,MUNICIPAL,PARQUE,,BOTYRA CAMORIM GATTI,PARQUE BOTYRA CAMORIM GATTI,Parque,,Botyra Camorim Gatti,Parque Botyra Camorim Gatti,2011.0,25832,2.583271,0.025833,,REVITALIZADO EM 2011,1-5 ha
76919,0.018439,332,MOGI DAS CRUZES,MOGI DAS CRUZES,VERDE 6,PRACA,MUNICIPAL,PRACA,,ASSUNCAO EROLES,PRACA ASSUNCAO EROLES,Praça,,Assunção Eroles,Praça Assunção Eroles,,18439,1.843942,0.018439,,,1-5 ha
76934,0.219198,333,MOGI DAS CRUZES,CESAR DE SOUZA,VERDE 3,PARQUE URBANO,MUNICIPAL,PARQUE,DO,CENTENARIO,PARQUE DO CENTENARIO,Parque,do,Centenário,Parque do Centenário,2008.0,219198,21.919822,0.219198,,,10-50 ha
76948,3.29103,344,MOGI DAS CRUZES,MOGI DAS CRUZES,VERDE 2,PARQUE URBANO,MUNICIPAL,PARQUE,,FRANCISCO AFONSO DE MELO,PARQUE FRANCISCO AFONSO DE MELO,Parque,,Francisco Afonso de Melo,Parque Francisco Afonso de Melo,1972.0,3291022,329.1022,3.291022,,,>100 ha
70400,0.012055,284,SAO PAULO,ITAQUERA,VERDE 6,PRACA,MUNICIPAL,PRACA,,,PRACA,Praça,,,Praça,,12055,1.205514,0.012055,,,1-5 ha
70414,3.407427,285,SAO PAULO,CANGAIBA,VERDE 2,PARQUE URBANO,ESTADUAL,PARQUE ECOLOGICO,DO,TIETE - NUCLEO ENGENHEIRO GOULART,PARQUE ECOLOGICO DO TIETE - NUCLEO ENGENHEIRO GOULART,Parque Ecológico,do,Tietê - Núcleo Engenheiro Goulart,Parque Ecológico do Tietê - Núcleo Engenheiro Goulart,1982.0,3407445,340.744525,3.407445,SIMA - COORDENADORIA DE PARQUES E PARCERIAS,,>100 ha
70432,0.029241,286,SAO PAULO,PONTE RASA,VERDE 5,PRACA,MUNICIPAL,PRACA,,BRACO DA CAJARI,PRACA BRACO DA CAJARI,Praça,,Braço da Cajari,Praça Braço da Cajari,,29240,2.924063,0.029241,,,1-5 ha
70447,0.018312,287,SAO PAULO,ERMELINO MATARAZZO,VERDE 6,PRACA,MUNICIPAL,PRACA,,PADRE CICERO,PRACA PADRE CICERO,Praça,,Padre Cícero,Praça Padre Cícero,,18311,1.831196,0.018312,,,1-5 ha
70461,0.018414,288,SAO PAULO,ERMELINO MATARAZZO,VERDE 6,PRACA,MUNICIPAL,PRACA,,PROFESSOR ADRIAO BERNARDES,PRACA PROFESSOR ADRIAO BERNARDES,Praça,,Professor Adrião Bernardes,Praça Professor Adrião Bernardes,,18414,1.841441,0.018414,,,1-5 ha
70475,0.018466,289,SAO PAULO,VILA JACUI,VERDE 6,PRACA,MUNICIPAL,PRACA,,,PRACA,Praça,,,Praça,,18465,1.846554,0.018466,,,1-5 ha
70489,0.005779,290,SAO PAULO,ERMELINO MATARAZZO,VERDE 6,PARQUE URBANO,MUNICIPAL,PARQUE,,ERMELINO MATARAZZO PAULO EVARISTO ARNS,PARQUE ERMELINO MATARAZZO PAULO EVARISTO ARNS,Parque,,Ermelino Matarazzo - Paulo Evaristo Arns,Parque Ermelino Matarazzo - Paulo Evaristo Arns,2008.0,5778,0.577852,0.005779,SECRETARIA DO VERDE E MEIO AMBIENTE (DGPU),,0.5-1 ha
70503,1.509873,291,SAO PAULO,PARQUE DO CARMO,VERDE 2,PARQUE URBANO,MUNICIPAL,PARQUE,DO,CARMO,PARQUE DO CARMO,Parque,do,Carmo,Parque do Carmo,1976.0,1509873,150.9873,1.509873,SECRETARIA DO VERDE E MEIO AMBIENTE (DGPU),TAMBEM OLAVO EGIDIO SETUBAL,>100 ha
70517,0.055139,292,SAO PAULO,ITAQUERA,VERDE 4,PARQUE LINEAR,MUNICIPAL,PARQUE,,RIO VERDE,PARQUE RIO VERDE,Parque,,Rio Verde,Parque Rio Verde,,55138,5.513855,0.055139,SECRETARIA DO VERDE E MEIO AMBIENTE (DGPU),,5-10 ha
70531,0.032748,293,SAO PAULO,JOSE BONIFACIO,VERDE 5,PARQUE URBANO,MUNICIPAL,PARQUE,,RAUL SEIXAS,PARQUE RAUL SEIXAS,Parque,,Raul Seixas,Parque Raul Seixas,1989.0,32747,3.274751,0.032748,SECRETARIA DO VERDE E MEIO AMBIENTE (DGPU),,1-5 ha
70545,0.023444,294,SAO PAULO,JOSE BONIFACIO,VERDE 5,PRACA,MUNICIPAL,PRACA,,BRASIL-RECANTO JEQUITIBA,PRACA BRASIL-RECANTO JEQUITIBA,Praça,,Brasil-Recanto Jequitibá,Praça Brasil-Recanto Jequitibá,,23443,2.344351,0.023444,,,1-5 ha
70560,0.628527,295,SAO PAULO,CIDADE TIRADENTES,VERDE 2,PARQUE URBANO,MUNICIPAL,PARQUE,,VILA DO RODEIO,PARQUE VILA DO RODEIO,Parque,,Vila do Rodeio,Parque Vila do Rodeio,2009.0,628527,62.852725,0.628527,SECRETARIA DO VERDE E MEIO AMBIENTE (DGPU),,50-100 ha
70574,0.0673,412,SAO PAULO,JOSE BONIFACIO,VERDE 4,PRACA,MUNICIPAL,PRACA,,,PRACA,Praça,,,Praça,,67299,6.729961,0.0673,,,5-10 ha
70588,0.021227,296,SAO PAULO,GUAIANASES,VERDE 6,PARQUE LINEAR,MUNICIPAL,PARQUE,,GUARATIBA,PARQUE GUARATIBA,Parque,,Guaratiba,Parque Guaratiba,2010.0,21227,2.122735,0.021227,SECRETARIA DO VERDE E MEIO AMBIENTE (DGPU),,1-5 ha
70602,0.017467,297,SAO PAULO,LAJEADO,VERDE 6,PARQUE URBANO,MUNICIPAL,PARQUE,DO,LAJEADO,PARQUE DO LAJEADO,Parque,do,Lajeado,Parque do Lajeado,2010.0,17467,1.746708,0.017467,SECRETARIA DO VERDE E MEIO AMBIENTE (DGPU),,1-5 ha
70616,0.13369,451,SAO PAULO,VILA JACUI,VERDE 4,PARQUE URBANO,MUNICIPAL,PARQUE,,PRIMAVERA,PARQUE PRIMAVERA,Parque,,Primavera,Parque Primavera,2012.0,133690,13.369011,0.13369,SECRETARIA DO VERDE E MEIO AMBIENTE (DGPU),,10-50 ha
70630,0.016027,298,SAO PAULO,VILA JACUI,VERDE 6,PRACA,MUNICIPAL,PRACA,,,PRACA,Praça,,,Praça,,16026,1.602654,0.016027,,,1-5 ha
70644,0.016128,447,SAO PAULO,VILA JACUI,VERDE 6,PRACA,MUNICIPAL,PRACA,DO,UNIAO VILA NOVA,PRACA DO UNIAO VILA NOVA,Praça,do,União Vila Nova,Praça do União Vila Nova,,16127,1.612757,0.016128,,,1-5 ha
70658,0.155423,299,SAO PAULO,SAO MIGUEL,VERDE 4,PARQUE URBANO,ESTADUAL,PARQUE ECOLOGICO,DO,TIETE - NUCLEO VILA JACUI,PARQUE ECOLOGICO DO TIETE - NUCLEO VILA JACUI,Parque Ecológico,do,Tietê - Núcleo Vila Jacuí,Parque Ecológico do Tietê - Núcleo Vila Jacuí,2010.0,155422,15.542256,0.155423,SIMA - COORDENADORIA DE PARQUES E PARCERIAS,PVT - PROGRAMA PARQUE VARZEAS DO TIETE,10-50 ha
70673,0.026898,300,SAO PAULO,LAJEADO,VERDE 5,PRACA,MUNICIPAL,PRACA,,PADRE NILDO AMARAL,PRACA PADRE NILDO AMARAL,Praça,,Padre Nido Amaral,Praça Padre Nido Amaral,,26898,2.689841,0.026898,,,1-5 ha
70687,0.059819,301,SAO PAULO,VILA CURUCA,VERDE 4,PARQUE URBANO,MUNICIPAL,PARQUE ECOLOGICO,,CHICO MENDES,PARQUE ECOLOGICO CHICO MENDES,Parque Ecológico,,Chico Mendes,Parque Ecológico Chico Mendes,1989.0,59819,5.981944,0.059819,SECRETARIA DO VERDE E MEIO AMBIENTE (DGPU),,5-10 ha
70701,0.011635,302,SAO PAULO,VILA CURUCA,VERDE 6,PRACA,MUNICIPAL,PRACA,,JAGUAMITANGA,PRACA JAGUAMITANGA,Praça,,Jaguamitanga,Praça Jaguamitanga,,11635,1.163548,0.011635,,,1-5 ha
70715,0.090639,303,SAO PAULO,VILA CURUCA,VERDE 4,PARQUE LINEAR,MUNICIPAL,PARQUE,,AGUA VERMELHA,PARQUE AGUA VERMELHA,Parque,,Água Vermelha,Parque Água Vermelha,2009.0,90639,9.06394,0.090639,SECRETARIA DO VERDE E MEIO AMBIENTE (DGPU),,5-10 ha
70729,0.011475,304,SAO PAULO,LAJEADO,VERDE 6,PRACA,MUNICIPAL,PRACA,,,PRACA,Praça,,,Praça,,11475,1.147517,0.011475,,,1-5 ha
70743,0.004226,413,SAO PAULO,VILA CURUCA,VERDE 6,PRACA,MUNICIPAL,PRACA,,AMANDA,PRACA AMANDA,Praça,,Amanda,Praça Amanda,,4225,0.422573,0.004226,,,<0.5 ha
70757,0.026817,305,SAO PAULO,VILA CURUCA,VERDE 5,PARQUE URBANO,MUNICIPAL,RESERVA,,QUISSISSANA,RESERVA QUISSISSANA,Reserva,,Quississana,Reserva Quississana,,26816,2.681651,0.026817,SECRETARIA DO VERDE E MEIO AMBIENTE (DGPU),,1-5 ha
70771,0.029368,306,SAO PAULO,JARDIM HELENA,VERDE 5,PRACA,MUNICIPAL,PRACA,,CRAVEIRO DO CAMPO,PRACA CRAVEIRO DO CAMPO,Praça,,Craveiro do Campo,Praça Craveiro do Campo,,29367,2.936775,0.029368,,,1-5 ha
70786,0.137782,350,SAO PAULO,JARDIM HELENA,VERDE 4,PARQUE URBANO,ESTADUAL,PARQUE ECOLOGICO,DO,TIETE - NUCLEO ITAIM BIACICA,PARQUE ECOLOGICO DO TIETE - NUCLEO ITAIM BIACICA,Parque Ecológico,do,Tietê - Núcleo Itaim Biacica,Parque Ecológico do Tietê - Núcleo Itaim Biacica,2018.0,137781,13.778158,0.137782,SIMA - COORDENADORIA DE PARQUES E PARCERIAS,PVT - PROGRAMA PARQUE VARZEAS DO TIETE,10-50 ha
70800,0.214518,349,SAO PAULO,JARDIM HELENA,VERDE 3,PARQUE URBANO,ESTADUAL,PARQUE ECOLOGICO,DO,TIETE - NUCLEO JARDIM HELENA,PARQUE ECOLOGICO DO TIETE - NUCLEO JARDIM HELENA,Parque Ecológico,do,Tietê - Núcleo Jardim Helena,Parque Ecológico do Tietê - Núcleo Jardim Helena,2019.0,214518,21.451803,0.214518,SIMA - COORDENADORIA DE PARQUES E PARCERIAS,PVT - PROGRAMA PARQUE VARZEAS DO TIETE,10-50 ha
70814,0.139781,307,GUARULHOS,GUARULHOS,VERDE 4,PARQUE URBANO,MUNICIPAL,BOSQUE,,MAIA,BOSQUE MAIA,Bosque,,Maia,Bosque Maia,,139781,13.97812,0.139781,,,10-50 ha
70828,0.070415,308,GUARULHOS,GUARULHOS,VERDE 4,PRACA,MUNICIPAL,PRACA,DO,PACO,PRACA DO PACO,Praça,do,Paço,Praça do Paço,,70415,7.041534,0.070415,,,5-10 ha
70842,0.013176,309,GUARULHOS,GUARULHOS,VERDE 6,PRACA,MUNICIPAL,PRACA,,PORTUGUESINHA,PRACA PORTUGUESINHA,Praça,,Portuguesinha,Praça Portuguesinha,,13176,1.317648,0.013176,,,1-5 ha
62580,0.057317,227,SAO PAULO,TREMEMBE,VERDE 4,PARQUE URBANO,MUNICIPAL,PARQUE,DO,SENA,PARQUE DO SENA,Parque,do,Sena,Parque do Sena,2003.0,57316,5.731693,0.057317,SECRETARIA DO VERDE E MEIO AMBIENTE (DGPU),,5-10 ha
62594,0.014901,228,SAO PAULO,VILA PRUDENTE,VERDE 6,PRACA,MUNICIPAL,PRACA,,ALCIDES FRANCO DE LIMA,PRACA ALCIDES FRANCO DE LIMA,Praça,,Alcides Franco de Lima,Praça Alcides Franco de Lima,,14901,1.490118,0.014901,,,1-5 ha
62609,0.085005,229,SAO PAULO,VILA PRUDENTE,VERDE 4,PARQUE URBANO,MUNICIPAL,PARQUE,,LIDIA NATALIZIO DIOGO,PARQUE LIDIA NATALIZIO DIOGO,Parque,,Lídia Natalizio Diogo,Parque Lídia Natalizio Diogo,,85005,8.500509,0.085005,SECRETARIA DO VERDE E MEIO AMBIENTE (DGPU),,5-10 ha
62623,0.045187,230,SAO PAULO,AGUA RASA,VERDE 6,PRACA,MUNICIPAL,PRACA,,,PRACA,Praça,,,Praça,,45187,4.518716,0.045187,,,1-5 ha
62637,0.202616,231,SAO PAULO,BELEM,VERDE 3,PARES,ESTADUAL,PARQUE,DO,BELEM,PARES BELEM,Parque,do,Belém,PARES Belém,2012.0,202615,20.261594,0.202616,SIMA - COORDENADORIA DE PARQUES E PARCERIAS,,10-50 ha
62651,0.01051,232,SAO PAULO,BELEM,VERDE 6,PRACA,MUNICIPAL,PRACA,,ANGELINA L MUCCIOLO,PRACA ANGELINA L MUCCIOLO,Praça,,Angelina L Mucciolo,Praça Angelina L Mucciolo,,10509,1.050966,0.01051,,,1-5 ha
62665,0.014373,233,SAO PAULO,TATUAPE,VERDE 6,PRACA,MUNICIPAL,PRACA,,MANUEL BORGES S NUNES,PRACA MANUEL BORGES S NUNES,Praça,,Manuel Borges S Nunes,Praça Manuel Borges S Nunes,,14373,1.437327,0.014373,,,1-5 ha
62679,0.014491,234,SAO PAULO,TATUAPE,VERDE 6,PRACA,MUNICIPAL,PRACA,,SILVIO ROMERO,PRACA SILVIO ROMERO,Praça,,Sílvio Romero,Praça Sílvio Romero,,14490,1.449068,0.014491,,,1-5 ha
62693,0.02048,235,SAO PAULO,TATUAPE,VERDE 6,PRACA,MUNICIPAL,PRACA,,JOAO FERNANDO DE ALMEIDA PRADO,PRACA JOAO FERNANDO DE ALMEIDA PRADO,Praça,,João Fernando de Almeida Prado,Praça João Fernando de Almeida Prado,,20479,2.04795,0.02048,,,1-5 ha
62707,0.106133,236,SAO PAULO,TATUAPE,VERDE 4,PARQUE URBANO,MUNICIPAL,PARQUE,DO,PIQUERI,PARQUE DO PIQUERI,Parque,do,Piqueri,Parque do Piqueri,1978.0,106133,10.613323,0.106133,SECRETARIA DO VERDE E MEIO AMBIENTE (DGPU),,10-50 ha
62722,0.020397,237,SAO PAULO,TATUAPE,VERDE 6,PARQUE URBANO,MUNICIPAL,PARQUE,DO,TATUAPE,PARQUE DO TATUAPE,Parque,do,Tatuapé,Parque do Tatuapé,2015.0,20396,2.039676,0.020397,SECRETARIA DO VERDE E MEIO AMBIENTE (DGPU),,1-5 ha
62736,0.273679,419,SAO PAULO,VILA FORMOSA,VERDE 3,PARQUE URBANO,MUNICIPAL,PARQUE,,CERET,PARQUE CERET,Parque,,Ceret,Parque Ceret,2008.0,273678,27.367881,0.273679,SECRETARIA DO VERDE E MEIO AMBIENTE (DGPU),PARQUE EDUCACIONAL RECREATIVO E ESPORTIVO DO TRABALHADOR (1975),10-50 ha
62750,0.078047,238,SAO PAULO,VILA MATILDE,VERDE 5,PARQUE LINEAR,MUNICIPAL,PARQUE,,ARICANDUVA,PARQUE ARICANDUVA,Parque,,Aricanduva,Parque Aricanduva,2012.0,78046,7.804695,0.078047,SECRETARIA DO VERDE E MEIO AMBIENTE (DGPU),,5-10 ha
62764,0.016963,415,SAO PAULO,VILA FORMOSA,VERDE 6,PRACA,MUNICIPAL,PRACA,,MAURO BROCO,PRACA MAURO BROCO,Praça,,Mauro Broco,Praça Mauro Broco,,16963,1.696338,0.016963,,,1-5 ha
62779,0.016183,239,SAO PAULO,VILA MARIA,VERDE 6,PRACA,MUNICIPAL,PRACA,,EDUARDO RABELO,PRACA EDUARDO RABELO,Praça,,Eduardo Rabelo,Praça Eduardo Rabelo,,16183,1.618325,0.016183,,,1-5 ha
62793,0.026322,240,SAO PAULO,VILA MARIA,VERDE 6,PRACA,MUNICIPAL,PRACA,,PRESIDENTE JANIO DA SILVA QUADROS,PRACA PRESIDENTE JANIO DA SILVA QUADROS,Praça,,Presidente Jânio da Silva Quadros,Praça Presidente Jânio da Silva Quadros,,26322,2.632202,0.026322,,INCLUI O PERIMETRO DO CENTRO ESPORTIVO,1-5 ha
62809,0.016771,468,SAO PAULO,VILA MARIA,VERDE 6,PRACA,MUNICIPAL,PRACA,,,PRACA,Praça,,,Praça,,16770,1.677086,0.016771,,,1-5 ha
62823,0.013745,241,SAO PAULO,VILA MARIA,VERDE 6,PRACA,MUNICIPAL,PRACA,,NOVO MUNDO,PRACA NOVO MUNDO,Praça,,Novo Mundo,Praça Novo Mundo,,13744,1.374462,0.013745,,,1-5 ha
62837,0.036588,242,SAO PAULO,VILA MARIA,VERDE 6,PRACA,MUNICIPAL,PRACA,,OYENO,PRACA OYENO,Praça,,Oyeno,Praça Oyeno,,36588,3.658806,0.036588,,,1-5 ha
62851,0.020498,243,SAO PAULO,VILA MARIA,VERDE 6,PRACA,MUNICIPAL,PRACA,,GENERAL MILTON TAVARES DE SOUSA,PRACA GENERAL MILTON TAVARES DE SOUSA,Praça,,General Milton Tavares de Sousa,Praça General Milton Tavares de Sousa,,20498,2.049815,0.020498,,,1-5 ha
62865,0.041442,244,SAO PAULO,VILA MARIA,VERDE 5,PARQUE URBANO,MUNICIPAL,PARQUE,,TENENTE BRIGADEIRO FARIA LIMA,PARQUE TENENTE BRIGADEIRO FARIA LIMA,Parque,,Tenente Brigadeiro Faria Lima,Parque Tenente Brigadeiro Faria Lima,2004.0,41441,4.144198,0.041442,SECRETARIA DO VERDE E MEIO AMBIENTE (DGPU),,1-5 ha
62879,0.013543,245,SAO PAULO,VILA MEDEIROS,VERDE 6,PRACA,MUNICIPAL,PRACA,,,PRACA,Praça,,,Praça,,13543,1.354349,0.013543,,COM ESCOLA,1-5 ha
62893,0.021335,246,SAO PAULO,VILA MEDEIROS,VERDE 6,PRACA,MUNICIPAL,PRACA,,,PRACA,Praça,,,Praça,,21334,2.133452,0.021335,,,1-5 ha
62907,0.015153,247,SAO PAULO,VILA MEDEIROS,VERDE 6,PRACA,MUNICIPAL,PRACA,DOS,BOMBEIROS,PRACA DOS BOMBEIROS,Praça,dos,Bombeiros,Praça dos Bombeiros,,15153,1.515317,0.015153,,,1-5 ha
62922,0.030291,248,SAO PAULO,VILA MEDEIROS,VERDE 5,PRACA,MUNICIPAL,PRACA,,SANTA LUISA DE MARILLAC,PRACA SANTA LUISA DE MARILLAC,Praça,,Santa Luísa de Marillac,Praça Santa Luísa de Marillac,,30291,3.029101,0.030291,,,1-5 ha
62936,0.018549,249,SAO PAULO,VILA MEDEIROS,VERDE 6,PRACA,MUNICIPAL,PRACA,DO,CAMINHONEIRO,PRACA DO CAMINHONEIRO,Praça,do,Caminhoneiro,Praça do Caminhoneiro,,18548,1.854888,0.018549,,,1-5 ha
62950,0.023424,250,SAO PAULO,VILA MEDEIROS,VERDE 6,PRACA,MUNICIPAL,PRACA,,PADRE JOAO BOSCO PENIDO BURNIER,PRACA PADRE JOAO BOSCO PENIDO BURNIER,Praça,,Padre João Bosco Penido Burnier,Praça Padre João Bosco Penido Burnier,,23423,2.342398,0.023424,,,1-5 ha
62964,0.013977,251,SAO PAULO,JACANA,VERDE 6,PRACA,MUNICIPAL,PRACA,,COMANDEANTE EDUARDO DE OLIVEIRA,PRACA COMANDEANTE EDUARDO DE OLIVEIRA,Praça,,Comandante Eduardo de Oliveira,Praça Comandante Eduardo de Oliveira,,13976,1.39768,0.013977,,,1-5 ha
62978,0.100016,445,GUARULHOS,GUARULHOS,VERDE 5,PRACA,ESTADUAL,JARDIM,,METROPOLITANO,JARDIM METROPOLITANO,Jardim,,Metropolitano,Jardim Metropolitano,2012.0,100025,10.002594,0.100026,DAEE,,10-50 ha
62993,0.180638,252,SAO PAULO,CANGAIBA,VERDE 4,PARQUE LINEAR,MUNICIPAL,PARQUE,,TIQUATIRA,PARQUE TIQUATIRA,Parque,,Tiquatira,Parque Tiquatira,2008.0,180637,18.063797,0.180638,SECRETARIA DO VERDE E MEIO AMBIENTE (DGPU),,10-50 ha
63009,0.02214,253,GUARULHOS,GUARULHOS,VERDE 6,PARQUE URBANO,MUNICIPAL,PARQUE,,JULIO FRACALANZA,PARQUE JULIO FRACALANZA,Parque,,Júlio Fracalanza,Parque Júlio Fracalanza,,22140,2.21402,0.02214,,,1-5 ha
63023,0.028629,254,GUARULHOS,GUARULHOS,VERDE 5,PRACA,MUNICIPAL,PRACA,,QUARTO CENTENARIO,PRACA QUARTO CENTENARIO,Praça,,Quarto Centenário,Praça Quarto Centenário,,28629,2.862941,0.028629,,,1-5 ha
59830,0.001507,386,SAO PAULO,BELA VISTA,VERDE 6,PRACA,MUNICIPAL,PRACA,,,PRACA,Praça,,,Praça,,1506,0.150689,0.001507,,,<0.5 ha
59844,0.003877,385,SAO PAULO,LIBERDADE,VERDE 6,PRACA,MUNICIPAL,PRACA,,,PRACA,Praça,,,Praça,,3877,0.387741,0.003877,,,<0.5 ha
59858,0.019976,382,SAO PAULO,REPUBLICA,VERDE 6,PRACA,MUNICIPAL,PRACA,,,PRACA,Praça,,,Praça,,19976,1.997644,0.019976,,,1-5 ha
59872,0.002299,383,SAO PAULO,REPUBLICA,VERDE 6,PRACA,MUNICIPAL,PRACA,,,PRACA,Praça,,,Praça,,2298,0.2299,0.002299,,,<0.5 ha
59886,0.014858,202,SAO PAULO,REPUBLICA,VERDE 6,PRACA,MUNICIPAL,PRACA,,DOM JOSE GASPAR,PRACA DOM JOSE GASPAR,Praça,,Dom José Gaspar,Praça Dom José Gaspar,,14858,1.485825,0.014858,,,1-5 ha
59900,0.049124,203,SAO PAULO,REPUBLICA,VERDE 5,PRACA,MUNICIPAL,PARQUE,,ANHANGABAU,PARQUE ANHANGABAU,Parque,,Anhangabaú,Parque Anhangabaú,,49124,4.91242,0.049124,,,1-5 ha
59915,0.012481,381,SAO PAULO,SE,VERDE 6,PRACA,MUNICIPAL,PRACA,,,PRACA,Praça,,,Praça,,12480,1.248098,0.012481,,,1-5 ha
59929,0.002428,384,SAO PAULO,SE,VERDE 6,PRACA,MUNICIPAL,PRACA,,,PRACA,Praça,,,Praça,,2428,0.242835,0.002428,,,<0.5 ha
59943,0.044292,204,SAO PAULO,SE,VERDE 5,PRACA,MUNICIPAL,PRACA,DA,SE,PRACA DA SE,Praça,da,Sé,Praça da Sé,,44292,4.429211,0.044292,,,1-5 ha
59957,0.011368,205,SAO PAULO,SE,VERDE 6,PRACA,MUNICIPAL,PRACA,,,PRACA,Praça,,,Praça,,11368,1.136833,0.011368,,,1-5 ha
59971,0.007338,206,SAO PAULO,SE,VERDE 6,PRACA,MUNICIPAL,PRACA,,FERNANDO COSTA,PRACA FERNANDO COSTA,Praça,,Fernando Costa,Praça Fernando Costa,,7337,0.733756,0.007338,,,0.5-1 ha
59985,0.042621,207,SAO PAULO,REPUBLICA,VERDE 5,PRACA,MUNICIPAL,PRACA,DA,REPUBLICA,PRACA DA REPUBLICA,Praça,da,República,Praça da República,,42621,4.262143,0.042621,,,1-5 ha
59999,0.020284,208,SAO PAULO,SANTA CECILIA,VERDE 5,PRACA,MUNICIPAL,PRACA,,PRINCESA ISABEL,PRACA PRINCESA ISABEL,Praça,,Princesa Isabel,Praça Princesa Isabel,,20284,2.028421,0.020284,,,1-5 ha
60013,0.012469,209,SAO PAULO,SANTA CECILIA,VERDE 6,PRACA,MUNICIPAL,PRACA,,JULIO PRESTES,PRACA JULIO PRESTES,Praça,,Júlio Prestes,Praça Júlio Prestes,,12468,1.246866,0.012469,,,1-5 ha
60028,0.094687,210,SAO PAULO,BOM RETIRO,VERDE 4,PARQUE URBANO,MUNICIPAL,JARDIM,DA,LUZ,JARDIM DA LUZ,Jardim,da,Luz,Jardim da Luz,1798.0,94687,9.4687,0.094687,SECRETARIA DO VERDE E MEIO AMBIENTE (DGPU),,5-10 ha
60042,0.014725,211,SAO PAULO,VILA MARIANA,VERDE 6,PRACA,MUNICIPAL,PRACA,,SAO FRANCISCO DO GLORIA,PRACA SAO FRANCISCO DO GLORIA,Praça,,São Francisco do Glória,Praça São Francisco do Glória,,14724,1.472487,0.014725,,,1-5 ha
60056,0.133478,212,SAO PAULO,LIBERDADE,VERDE 4,PARQUE URBANO,MUNICIPAL,PARQUE,DA,ACLIMACAO,PARQUE DA ACLIMACAO,Parque,da,Aclimação,Parque da Aclimação,1939.0,133478,13.347823,0.133478,SECRETARIA DO VERDE E MEIO AMBIENTE (DGPU),,10-50 ha
60070,0.22616,213,SAO PAULO,IPIRANGA,VERDE 3,PARQUE URBANO,MUNICIPAL,PARQUE,DA,INDEPENDENCIA,PARQUE DA INDEPENDENCIA,Parque,da,Independência,Parque da Independência,1989.0,226159,22.615955,0.22616,SECRETARIA DO VERDE E MEIO AMBIENTE (DGPU),,10-50 ha
60084,0.122148,214,SAO PAULO,SE,VERDE 5,PRACA,MUNICIPAL,PARQUE,,DOM PEDRO SEGUNDO,PARQUE DOM PEDRO SEGUNDO,Parque,,Dom Pedro Segundo,Parque Dom Pedro Segundo,,122147,12.214795,0.122148,,,10-50 ha
60099,0.023846,380,SAO PAULO,BRAS,VERDE 5,PARQUE URBANO,MUNICIPAL,PARQUE,,BENEMERITO JOSE BRAS,PARQUE BENEMERITO JOSE BRAS,Parque,,Benemérito José Brás,Parque Benemérito José Brás,2011.0,23845,2.384566,0.023846,SECRETARIA DO VERDE E MEIO AMBIENTE (DGPU),,1-5 ha
60113,0.024624,215,SAO PAULO,SANTA CECILIA,VERDE 5,PRACA,MUNICIPAL,PRACA,,NICOLAU DE MORAIS BARROS FILHO,PRACA NICOLAU DE MORAIS BARROS FILHO,Praça,,Nicolau de Morais Barros Filho,Praça Nicolau de Morais Barros Filho,,24623,2.462378,0.024624,,,1-5 ha
60128,0.011065,348,SAO PAULO,CASA VERDE,VERDE 6,PRACA,MUNICIPAL,PRACA,,,PRACA,Praça,,,Praça,,11065,1.106546,0.011065,,,1-5 ha
60142,0.015616,217,SAO PAULO,BOM RETIRO,VERDE 6,PRACA,MUNICIPAL,PRACA,,ARMENIA,PRACA ARMENIA,Praça,,Armênia,Praça Armênia,,15615,1.561595,0.015616,,,1-5 ha
60156,0.011598,218,SAO PAULO,BOM RETIRO,VERDE 6,PRACA,MUNICIPAL,PRACA,,BENTO DE CAMARGO BARROS,PRACA BENTO DE CAMARGO BARROS,Praça,,Bento de Camargo Barros,Praça Bento de Camargo Barros,,11598,1.159839,0.011598,,,1-5 ha
60170,0.014518,219,SAO PAULO,SANTANA,VERDE 6,PRACA,MUNICIPAL,PRACA,,,PRACA,Praça,,,Praça,,14518,1.451846,0.014518,,,1-5 ha
60184,0.033529,220,SAO PAULO,SANTANA,VERDE 5,PRACA,MUNICIPAL,PRACA,,CAMPO DE BAGATELLE,PRACA CAMPO DE BAGATELLE,Praça,,Campo de Bagatelle,Praça Campo de Bagatelle,,33528,3.352874,0.033529,,,1-5 ha
60198,1.638494,221,SAO PAULO,MANDAQUI,VERDE 2,PARES,ESTADUAL,PARQUE,,ALBERTO LOEFGREN,PARES ALBERTO LOEFGREN,Parque,,Alberto Loefgren,PARES Alberto Loefgren,1896.0,1638494,163.849425,1.638494,SIMA - COORDENADORIA DE PARQUES E PARCERIAS,NOME POPULAR: HORTO FLORESTAL,>100 ha
60213,0.226853,222,SAO PAULO,SANTANA,VERDE 3,PARES,ESTADUAL,PARQUE,DA,JUVENTUDE,PARES JUVENTUDE,Parque,da,Juventude,PARES Juventude,2003.0,226852,22.685281,0.226853,SIMA - COORDENADORIA DE PARQUES E PARCERIAS,,10-50 ha
60228,0.111199,223,SAO PAULO,VILA GUILHERME,VERDE 4,PARQUE URBANO,MUNICIPAL,PARQUE,DO,TROTE,PARQUE DO TROTE,Parque,do,Trote,Parque do Trote,1986.0,111198,11.119866,0.111199,SECRETARIA DO VERDE E MEIO AMBIENTE (DGPU),TAMBEM PARQUE DA VILHA GUILHERME,10-50 ha
60242,0.01943,224,SAO PAULO,SANTANA,VERDE 6,PRACA,MUNICIPAL,PARQUE,,DOMINGOS LUIS,PARQUE DOMINGOS LUIS,Parque,,Domingos Luís,Parque Domingos Luís,,19429,1.942998,0.01943,,INCLUINDO AREAS DA ANTIGA LINHA FERREA,1-5 ha
60256,0.015929,225,SAO PAULO,TUCURUVI,VERDE 6,PRACA,MUNICIPAL,PRACA,,JOSE ANTONIO DE ARAUJO,PRACA JOSE ANTONIO DE ARAUJO,Praça,,José Antônio de Araújo,Praça José Antônio de Araújo,,15928,1.592878,0.015929,,,1-5 ha
60270,0.020452,226,SAO PAULO,TUCURUVI,VERDE 6,PARQUE URBANO,MUNICIPAL,PARQUE,,LIONS CLUBE TUCURUVI,PARQUE LIONS CLUBE TUCURUVI,Parque,,Lions Clube Tucuruvi,Parque Lions Clube Tucuruvi,2008.0,20451,2.045167,0.020452,SECRETARIA DO VERDE E MEIO AMBIENTE (DGPU),,1-5 ha
57235,0.015539,194,SAO PAULO,MOEMA,VERDE 6,PRACA,MUNICIPAL,PRACA,,TULIO FONTOURA,PRACA TULIO FONTOURA,Praça,,Túlio Fontoura,Praça Túlio Fontoura,,15538,1.553884,0.015539,,,1-5 ha
57249,0.075538,195,SAO PAULO,MOEMA,VERDE 5,PRACA,MUNICIPAL,PRACA,DO,OBELISCO,PRACA DO OBELISCO,Praça,do,Obelisco,Praça do Obelisco,,75537,7.553757,0.075538,,,5-10 ha
57263,0.040595,196,SAO PAULO,MOEMA,VERDE 5,PRACA,MUNICIPAL,PRACA,DO,AEROMODELISMO,PRACA DO AEROMODELISMO,Praça,do,Aeromodelismo,Praça do Aeromodelismo,,40595,4.059531,0.040595,,,1-5 ha
57277,0.013858,405,SAO PAULO,MOEMA,VERDE 6,PRACA,MUNICIPAL,PRACA,,CARLOS GARDEL,PRACA CARLOS GARDEL,Praça,,Carlos Gardel,Praça Carlos Gardel,,13857,1.385775,0.013858,,,1-5 ha
57292,0.005501,197,SAO PAULO,JARDIM PAULISTA,VERDE 6,PARQUE URBANO,MUNICIPAL,PARQUE,,MARIO COVAS,PARQUE MARIO COVAS,Parque,,Mário Covas,Parque Mário Covas,2010.0,5500,0.550094,0.005501,SECRETARIA DO VERDE E MEIO AMBIENTE (DGPU),,0.5-1 ha
57306,0.01204,406,SAO PAULO,JARDIM PAULISTA,VERDE 6,PRACA,MUNICIPAL,PRACA,,ALEXANDRE DE GUSMAO,PRACA ALEXANDRE DE GUSMAO,Praça,,Alexandre de Gusmão,Praça Alexandre de Gusmão,,12039,1.20397,0.01204,,,1-5 ha
57320,0.041845,198,SAO PAULO,JARDIM PAULISTA,VERDE 5,PARQUE URBANO,MUNICIPAL,PARQUE,,SIQUEIRA CAMPOS (TRIANON),PARQUE SIQUEIRA CAMPOS (TRIANON),Parque,,Siqueira Campos (Trianon),Parque Siqueira Campos (Trianon),1882.0,41845,4.184514,0.041845,SECRETARIA DO VERDE E MEIO AMBIENTE (DGPU),,1-5 ha
57334,0.00927,407,SAO PAULO,BELA VISTA,VERDE 6,PRACA,MUNICIPAL,PRACA,,,PRACA,Praça,,,Praça,,9269,0.926994,0.00927,,,0.5-1 ha
57348,0.009655,403,SAO PAULO,VILA MARIANA,VERDE 6,PRACA,MUNICIPAL,PRACA,,,PRACA,Praça,,,Praça,,9654,0.965499,0.009655,,,0.5-1 ha
57362,0.009375,404,SAO PAULO,VILA MARIANA,VERDE 6,PRACA,MUNICIPAL,PRACA,,,PRACA,Praça,,,Praça,,9375,0.937515,0.009375,,,0.5-1 ha
57376,0.014633,199,SAO PAULO,VILA MARIANA,VERDE 6,PRACA,MUNICIPAL,PRACA,,ROSA ALVES DA SILVA,PRACA ROSA ALVES DA SILVA,Praça,,Rosa Alves da Silva,Praça Rosa Alves da Silva,,14632,1.463261,0.014633,,,1-5 ha
57390,0.004101,401,SAO PAULO,VILA MARIANA,VERDE 6,PRACA,MUNICIPAL,PRACA,,,PRACA,Praça,,,Praça,,4100,0.410058,0.004101,,,<0.5 ha
57405,0.003955,402,SAO PAULO,VILA MARIANA,VERDE 6,PRACA,MUNICIPAL,PRACA,,,PRACA,Praça,,,Praça,,3954,0.395465,0.003955,,,<0.5 ha
57419,0.002244,399,SAO PAULO,VILA MARIANA,VERDE 6,PRACA,MUNICIPAL,PRACA,,,PRACA,Praça,,,Praça,,2243,0.224375,0.002244,,,<0.5 ha
57433,0.00221,397,SAO PAULO,VILA MARIANA,VERDE 6,PRACA,MUNICIPAL,PRACA,,,PRACA,Praça,,,Praça,,2210,0.221038,0.00221,,,<0.5 ha
57447,0.00016,398,SAO PAULO,BELA VISTA,VERDE 6,PRACA,MUNICIPAL,PRACA,,,PRACA,Praça,,,Praça,,160,0.016039,0.00016,,,<0.5 ha
57461,0.002441,396,SAO PAULO,BELA VISTA,VERDE 6,PRACA,MUNICIPAL,PRACA,,,PRACA,Praça,,,Praça,,2441,0.244118,0.002441,,,<0.5 ha
57475,0.013185,400,SAO PAULO,VILA MARIANA,VERDE 6,PRACA,MUNICIPAL,PRACA,,,PRACA,Praça,,,Praça,,13185,1.318542,0.013185,,,1-5 ha
57489,0.002579,394,SAO PAULO,BELA VISTA,VERDE 6,PRACA,MUNICIPAL,PRACA,,,PRACA,Praça,,,Praça,,2579,0.257926,0.002579,,,<0.5 ha
57503,0.003838,395,SAO PAULO,LIBERDADE,VERDE 6,PRACA,MUNICIPAL,PRACA,,,PRACA,Praça,,,Praça,,3837,0.38375,0.003838,,,<0.5 ha
57518,0.007799,393,SAO PAULO,LIBERDADE,VERDE 6,PRACA,MUNICIPAL,PRACA,,,PRACA,Praça,,,Praça,,7798,0.779897,0.007799,,,0.5-1 ha
57532,0.005909,392,SAO PAULO,BELA VISTA,VERDE 6,PRACA,MUNICIPAL,PRACA,,,PRACA,Praça,,,Praça,,5908,0.590899,0.005909,,,0.5-1 ha
57546,0.002854,391,SAO PAULO,BELA VISTA,VERDE 6,PRACA,MUNICIPAL,PRACA,,,PRACA,Praça,,,Praça,,2853,0.285372,0.002854,,,<0.5 ha
57560,0.002144,390,SAO PAULO,LIBERDADE,VERDE 6,PRACA,MUNICIPAL,PRACA,,,PRACA,Praça,,,Praça,,2143,0.21436,0.002144,,,<0.5 ha
57574,0.012151,387,SAO PAULO,LIBERDADE,VERDE 6,PRACA,MUNICIPAL,PRACA,,,PRACA,Praça,,,Praça,,12151,1.215114,0.012151,,,1-5 ha
57588,0.003668,389,SAO PAULO,BELA VISTA,VERDE 6,PRACA,MUNICIPAL,PRACA,,,PRACA,Praça,,,Praça,,3668,0.366802,0.003668,,,<0.5 ha
57602,0.023166,200,SAO PAULO,CONSOLACAO,VERDE 5,PARQUE URBANO,MUNICIPAL,PARQUE,,BUENOS AIRES,PARQUE BUENOS AIRES,Parque,,Buenos Aires,Parque Buenos Aires,1913.0,23166,2.3166,0.023166,SECRETARIA DO VERDE E MEIO AMBIENTE (DGPU),,1-5 ha
57616,0.009955,408,SAO PAULO,BELA VISTA,VERDE 6,PRACA,MUNICIPAL,PRACA,,QUATORZE BIS,PRACA QUATORZE BIS,Praça,,Quatorze Bis,Praça Quatorze Bis,,9955,0.995541,0.009955,,,0.5-1 ha
57631,0.009234,409,SAO PAULO,CONSOLACAO,VERDE 6,PRACA,MUNICIPAL,PRACA,,ROTARY,PRACA ROTARY,Praça,,Rotary,Praça Rotary,,9234,0.923447,0.009234,,,0.5-1 ha
57645,0.024321,347,SAO PAULO,CONSOLACAO,VERDE 5,PARQUE URBANO,MUNICIPAL,PARQUE,,AUGUSTA,PARQUE AUGUSTA,Parque,,Augusta,Parque Augusta,2021.0,24321,2.432125,0.024321,SECRETARIA DO VERDE E MEIO AMBIENTE (DGPU),,1-5 ha
57659,0.013947,201,SAO PAULO,REPUBLICA,VERDE 6,PRACA,MUNICIPAL,LARGO,DO,AROUCHE,LARGO DO AROUCHE,Largo,do,Arouche,Largo do Arouche,,13946,1.394676,0.013947,,,1-5 ha
57673,0.000633,388,SAO PAULO,BELA VISTA,VERDE 6,PRACA,MUNICIPAL,PRACA,,,PRACA,Praça,,,Praça,,633,0.063324,0.000633,,,<0.5 ha
